Date,Category,SKU,Quantity
9/1/2022,Car Hauler,10CH,3
10/1/2022,Car Hauler,10CH,8
11/1/2022,Car Hauler,10CH,17
12/1/2022,Car Hauler,10CH,12
1/1/2023,Car Hauler,10CH,62
2/1/2023,Car Hauler,10CH,62
3/1/2023,Car Hauler,10CH,57
4/1/2023,Car Hauler,10CH,27
5/1/2023,Car Hauler,10CH,24
6/1/2023,Car Hauler,10CH,20
7/1/2023,Car Hauler,10CH,35
8/1/2023,Car Hauler,10CH,27
9/1/2023,Car Hauler,10CH,24
10/1/2023,Car Hauler,10CH,41
11/1/2023,Car Hauler,10CH,16
12/1/2023,Car Hauler,10CH,11
1/1/2024,Car Hauler,10CH,20
2/1/2024,Car Hauler,10CH,27
3/1/2024,Car Hauler,10CH,34
4/1/2024,Car Hauler,10CH,27
5/1/2024,Car Hauler,10CH,46
6/1/2024,Car Hauler,10CH,18
7/1/2024,Car Hauler,10CH,21
8/1/2024,Car Hauler,10CH,16
9/1/2024,Car Hauler,10CH,33
10/1/2024,Car Hauler,10CH,27
11/1/2024,Car Hauler,10CH,21
12/1/2024,Car Hauler,10CH,21
1/1/2025,Car Hauler,10CH,31
2/1/2025,Car Hauler,10CH,59
3/1/2025,Car Hauler,10CH,39
4/1/2025,Car Hauler,10CH,29
5/1/2025,Car Hauler,10CH,35
6/1/2025,Car Hauler,10CH,47
7/1/2025,Car Hauler,10CH,28
8/1/2025,Car Hauler,10CH,19
9/1/2025,Car Hauler,10CH,14
10/1/2022,Car Hauler,10DM,1
11/1/2022,Car Hauler,10DM,4
12/1/2022,Car Hauler,10DM,1
1/1/2023,Car Hauler,10DM,16
2/1/2023,Car Hauler,10DM,9
3/1/2023,Car Hauler,10DM,13
4/1/2023,Car Hauler,10DM,13
5/1/2023,Car Hauler,10DM,10
6/1/2023,Car Hauler,10DM,8
7/1/2023,Car Hauler,10DM,4
8/1/2023,Car Hauler,10DM,1
9/1/2023,Car Hauler,10DM,9
10/1/2023,Car Hauler,10DM,10
11/1/2023,Car Hauler,10DM,1
12/1/2023,Car Hauler,10DM,2
1/1/2024,Car Hauler,10DM,5
2/1/2024,Car Hauler,10DM,23
3/1/2024,Car Hauler,10DM,10
4/1/2024,Car Hauler,10DM,15
5/1/2024,Car Hauler,10DM,2
6/1/2024,Car Hauler,10DM,11
7/1/2024,Car Hauler,10DM,4
8/1/2024,Car Hauler,10DM,8
9/1/2024,Car Hauler,10DM,9
10/1/2024,Car Hauler,10DM,9
11/1/2024,Car Hauler,10DM,6
1/1/2025,Car Hauler,10DM,10
2/1/2025,Car Hauler,10DM,13
3/1/2025,Car Hauler,10DM,4
4/1/2025,Car Hauler,10DM,15
5/1/2025,Car Hauler,10DM,7
6/1/2025,Car Hauler,10DM,11
7/1/2025,Car Hauler,10DM,4
8/1/2025,Car Hauler,10DM,9
9/1/2025,Car Hauler,10DM,1
10/1/2022,Car Hauler,60EC,3
11/1/2022,Car Hauler,60EC,21
12/1/2022,Car Hauler,60EC,25
1/1/2023,Car Hauler,60EC,80
2/1/2023,Car Hauler,60EC,83
3/1/2023,Car Hauler,60EC,98
4/1/2023,Car Hauler,60EC,78
5/1/2023,Car Hauler,60EC,83
6/1/2023,Car Hauler,60EC,56
7/1/2023,Car Hauler,60EC,43
8/1/2023,Car Hauler,60EC,37
9/1/2023,Car Hauler,60EC,48
10/1/2023,Car Hauler,60EC,40
11/1/2023,Car Hauler,60EC,41
12/1/2023,Car Hauler,60EC,59
1/1/2024,Car Hauler,60EC,54
2/1/2024,Car Hauler,60EC,37
3/1/2024,Car Hauler,60EC,74
4/1/2024,Car Hauler,60EC,72
5/1/2024,Car Hauler,60EC,59
6/1/2024,Car Hauler,60EC,37
7/1/2024,Car Hauler,60EC,51
8/1/2024,Car Hauler,60EC,40
9/1/2024,Car Hauler,60EC,62
10/1/2024,Car Hauler,60EC,66
11/1/2024,Car Hauler,60EC,32
12/1/2024,Car Hauler,60EC,60
1/1/2025,Car Hauler,60EC,44
2/1/2025,Car Hauler,60EC,105
3/1/2025,Car Hauler,60EC,93
4/1/2025,Car Hauler,60EC,122
5/1/2025,Car Hauler,60EC,70
6/1/2025,Car Hauler,60EC,83
7/1/2025,Car Hauler,60EC,37
8/1/2025,Car Hauler,60EC,48
9/1/2025,Car Hauler,60EC,27
10/1/2022,Car Hauler,70CH,41
11/1/2022,Car Hauler,70CH,48
12/1/2022,Car Hauler,70CH,31
1/1/2023,Car Hauler,70CH,209
2/1/2023,Car Hauler,70CH,192
3/1/2023,Car Hauler,70CH,295
4/1/2023,Car Hauler,70CH,171
5/1/2023,Car Hauler,70CH,173
6/1/2023,Car Hauler,70CH,109
7/1/2023,Car Hauler,70CH,93
8/1/2023,Car Hauler,70CH,108
9/1/2023,Car Hauler,70CH,59
10/1/2023,Car Hauler,70CH,64
11/1/2023,Car Hauler,70CH,47
12/1/2023,Car Hauler,70CH,96
1/1/2024,Car Hauler,70CH,116
2/1/2024,Car Hauler,70CH,112
3/1/2024,Car Hauler,70CH,163
4/1/2024,Car Hauler,70CH,169
5/1/2024,Car Hauler,70CH,138
6/1/2024,Car Hauler,70CH,153
7/1/2024,Car Hauler,70CH,121
8/1/2024,Car Hauler,70CH,111
9/1/2024,Car Hauler,70CH,90
10/1/2024,Car Hauler,70CH,85
11/1/2024,Car Hauler,70CH,57
12/1/2024,Car Hauler,70CH,89
1/1/2025,Car Hauler,70CH,126
2/1/2025,Car Hauler,70CH,139
3/1/2025,Car Hauler,70CH,165
4/1/2025,Car Hauler,70CH,125
5/1/2025,Car Hauler,70CH,119
6/1/2025,Car Hauler,70CH,106
7/1/2025,Car Hauler,70CH,51
8/1/2025,Car Hauler,70CH,47
9/1/2025,Car Hauler,70CH,18
10/1/2025,Car Hauler,70CH,2
11/1/2022,Car Hauler,70DM,2
12/1/2022,Car Hauler,70DM,6
1/1/2023,Car Hauler,70DM,34
2/1/2023,Car Hauler,70DM,22
3/1/2023,Car Hauler,70DM,33
4/1/2023,Car Hauler,70DM,22
5/1/2023,Car Hauler,70DM,16
6/1/2023,Car Hauler,70DM,31
7/1/2023,Car Hauler,70DM,3
8/1/2023,Car Hauler,70DM,6
9/1/2023,Car Hauler,70DM,13
10/1/2023,Car Hauler,70DM,14
11/1/2023,Car Hauler,70DM,8
12/1/2023,Car Hauler,70DM,8
1/1/2024,Car Hauler,70DM,15
2/1/2024,Car Hauler,70DM,39
3/1/2024,Car Hauler,70DM,18
4/1/2024,Car Hauler,70DM,9
5/1/2024,Car Hauler,70DM,21
6/1/2024,Car Hauler,70DM,7
7/1/2024,Car Hauler,70DM,12
8/1/2024,Car Hauler,70DM,4
9/1/2024,Car Hauler,70DM,14
10/1/2024,Car Hauler,70DM,20
11/1/2024,Car Hauler,70DM,8
12/1/2024,Car Hauler,70DM,19
1/1/2025,Car Hauler,70DM,13
2/1/2025,Car Hauler,70DM,18
3/1/2025,Car Hauler,70DM,12
4/1/2025,Car Hauler,70DM,11
5/1/2025,Car Hauler,70DM,4
6/1/2025,Car Hauler,70DM,15
7/1/2025,Car Hauler,70DM,11
8/1/2025,Car Hauler,70DM,30
9/1/2025,Car Hauler,70DM,4
10/1/2022,"Deck-Over, Tag-Along",14PH,2
11/1/2022,"Deck-Over, Tag-Along",14PH,4
12/1/2022,"Deck-Over, Tag-Along",14PH,6
1/1/2023,"Deck-Over, Tag-Along",14PH,16
2/1/2023,"Deck-Over, Tag-Along",14PH,28
3/1/2023,"Deck-Over, Tag-Along",14PH,32
4/1/2023,"Deck-Over, Tag-Along",14PH,10
5/1/2023,"Deck-Over, Tag-Along",14PH,12
6/1/2023,"Deck-Over, Tag-Along",14PH,16
7/1/2023,"Deck-Over, Tag-Along",14PH,4
8/1/2023,"Deck-Over, Tag-Along",14PH,6
9/1/2023,"Deck-Over, Tag-Along",14PH,12
10/1/2023,"Deck-Over, Tag-Along",14PH,14
11/1/2023,"Deck-Over, Tag-Along",14PH,1
12/1/2023,"Deck-Over, Tag-Along",14PH,9
1/1/2024,"Deck-Over, Tag-Along",14PH,9
2/1/2024,"Deck-Over, Tag-Along",14PH,18
3/1/2024,"Deck-Over, Tag-Along",14PH,25
4/1/2024,"Deck-Over, Tag-Along",14PH,18
5/1/2024,"Deck-Over, Tag-Along",14PH,7
6/1/2024,"Deck-Over, Tag-Along",14PH,8
7/1/2024,"Deck-Over, Tag-Along",14PH,7
8/1/2024,"Deck-Over, Tag-Along",14PH,6
9/1/2024,"Deck-Over, Tag-Along",14PH,10
10/1/2024,"Deck-Over, Tag-Along",14PH,19
11/1/2024,"Deck-Over, Tag-Along",14PH,10
12/1/2024,"Deck-Over, Tag-Along",14PH,8
1/1/2025,"Deck-Over, Tag-Along",14PH,13
2/1/2025,"Deck-Over, Tag-Along",14PH,13
3/1/2025,"Deck-Over, Tag-Along",14PH,26
4/1/2025,"Deck-Over, Tag-Along",14PH,18
5/1/2025,"Deck-Over, Tag-Along",14PH,17
6/1/2025,"Deck-Over, Tag-Along",14PH,6
7/1/2025,"Deck-Over, Tag-Along",14PH,14
8/1/2025,"Deck-Over, Tag-Along",14PH,4
9/1/2025,"Deck-Over, Tag-Along",14PH,3
11/1/2025,"Deck-Over, Tag-Along",14PH,2
2/1/2023,"Deck-Over, Tag-Along",16PH,1
7/1/2025,"Deck-Over, Tag-Along",16PH,1
9/1/2025,"Deck-Over, Tag-Along",16PH,1
2/1/2023,"Deck-Over, Tag-Along",20PH,1
10/1/2022,"Deck-Over, Tag-Along",22PH,1
11/1/2022,"Deck-Over, Tag-Along",22PH,7
12/1/2022,"Deck-Over, Tag-Along",22PH,16
1/1/2023,"Deck-Over, Tag-Along",22PH,14
2/1/2023,"Deck-Over, Tag-Along",22PH,27
3/1/2023,"Deck-Over, Tag-Along",22PH,34
4/1/2023,"Deck-Over, Tag-Along",22PH,10
5/1/2023,"Deck-Over, Tag-Along",22PH,14
6/1/2023,"Deck-Over, Tag-Along",22PH,17
7/1/2023,"Deck-Over, Tag-Along",22PH,6
8/1/2023,"Deck-Over, Tag-Along",22PH,7
9/1/2023,"Deck-Over, Tag-Along",22PH,2
10/1/2023,"Deck-Over, Tag-Along",22PH,11
11/1/2023,"Deck-Over, Tag-Along",22PH,2
12/1/2023,"Deck-Over, Tag-Along",22PH,11
1/1/2024,"Deck-Over, Tag-Along",22PH,13
2/1/2024,"Deck-Over, Tag-Along",22PH,21
3/1/2024,"Deck-Over, Tag-Along",22PH,21
4/1/2024,"Deck-Over, Tag-Along",22PH,17
5/1/2024,"Deck-Over, Tag-Along",22PH,12
6/1/2024,"Deck-Over, Tag-Along",22PH,8
7/1/2024,"Deck-Over, Tag-Along",22PH,11
8/1/2024,"Deck-Over, Tag-Along",22PH,2
9/1/2024,"Deck-Over, Tag-Along",22PH,7
10/1/2024,"Deck-Over, Tag-Along",22PH,19
11/1/2024,"Deck-Over, Tag-Along",22PH,5
12/1/2024,"Deck-Over, Tag-Along",22PH,13
1/1/2025,"Deck-Over, Tag-Along",22PH,17
2/1/2025,"Deck-Over, Tag-Along",22PH,19
3/1/2025,"Deck-Over, Tag-Along",22PH,22
4/1/2025,"Deck-Over, Tag-Along",22PH,26
5/1/2025,"Deck-Over, Tag-Along",22PH,15
6/1/2025,"Deck-Over, Tag-Along",22PH,10
7/1/2025,"Deck-Over, Tag-Along",22PH,6
8/1/2025,"Deck-Over, Tag-Along",22PH,4
9/1/2025,"Deck-Over, Tag-Along",22PH,2
11/1/2025,"Deck-Over, Tag-Along",22PH,1
11/1/2022,"Deck-Over, Tag-Along",25PH,5
12/1/2022,"Deck-Over, Tag-Along",25PH,5
1/1/2023,"Deck-Over, Tag-Along",25PH,5
2/1/2023,"Deck-Over, Tag-Along",25PH,6
3/1/2023,"Deck-Over, Tag-Along",25PH,4
4/1/2023,"Deck-Over, Tag-Along",25PH,5
5/1/2023,"Deck-Over, Tag-Along",25PH,3
6/1/2023,"Deck-Over, Tag-Along",25PH,0
7/1/2023,"Deck-Over, Tag-Along",25PH,5
8/1/2023,"Deck-Over, Tag-Along",25PH,3
9/1/2023,"Deck-Over, Tag-Along",25PH,1
10/1/2023,"Deck-Over, Tag-Along",25PH,4
11/1/2023,"Deck-Over, Tag-Along",25PH,2
12/1/2023,"Deck-Over, Tag-Along",25PH,6
1/1/2024,"Deck-Over, Tag-Along",25PH,2
2/1/2024,"Deck-Over, Tag-Along",25PH,2
3/1/2024,"Deck-Over, Tag-Along",25PH,4
4/1/2024,"Deck-Over, Tag-Along",25PH,5
5/1/2024,"Deck-Over, Tag-Along",25PH,2
6/1/2024,"Deck-Over, Tag-Along",25PH,6
7/1/2024,"Deck-Over, Tag-Along",25PH,1
8/1/2024,"Deck-Over, Tag-Along",25PH,1
9/1/2024,"Deck-Over, Tag-Along",25PH,6
11/1/2024,"Deck-Over, Tag-Along",25PH,3
12/1/2024,"Deck-Over, Tag-Along",25PH,6
1/1/2025,"Deck-Over, Tag-Along",25PH,8
2/1/2025,"Deck-Over, Tag-Along",25PH,4
3/1/2025,"Deck-Over, Tag-Along",25PH,3
4/1/2025,"Deck-Over, Tag-Along",25PH,8
6/1/2025,"Deck-Over, Tag-Along",25PH,3
7/1/2025,"Deck-Over, Tag-Along",25PH,5
11/1/2022,"Deck-Over, Tag-Along",3XPH,4
3/1/2023,"Deck-Over, Tag-Along",3XPH,2
4/1/2023,"Deck-Over, Tag-Along",3XPH,1
7/1/2023,"Deck-Over, Tag-Along",3XPH,2
8/1/2023,"Deck-Over, Tag-Along",3XPH,2
12/1/2023,"Deck-Over, Tag-Along",3XPH,1
2/1/2024,"Deck-Over, Tag-Along",3XPH,1
3/1/2024,"Deck-Over, Tag-Along",3XPH,2
5/1/2024,"Deck-Over, Tag-Along",3XPH,1
3/1/2025,"Deck-Over, Tag-Along",3XPH,1
5/1/2025,"Deck-Over, Tag-Along",3XPH,1
7/1/2025,"Deck-Over, Tag-Along",3XPH,1
10/1/2022,"Deck-Over, Tag-Along",4XPH,1
12/1/2022,"Deck-Over, Tag-Along",4XPH,1
1/1/2023,"Deck-Over, Tag-Along",4XPH,3
3/1/2023,"Deck-Over, Tag-Along",4XPH,1
4/1/2023,"Deck-Over, Tag-Along",4XPH,3
6/1/2023,"Deck-Over, Tag-Along",4XPH,1
7/1/2023,"Deck-Over, Tag-Along",4XPH,2
9/1/2023,"Deck-Over, Tag-Along",4XPH,1
12/1/2023,"Deck-Over, Tag-Along",4XPH,4
9/1/2024,"Deck-Over, Tag-Along",4XPH,1
10/1/2024,"Deck-Over, Tag-Along",4XPH,1
12/1/2024,"Deck-Over, Tag-Along",4XPH,1
5/1/2025,"Deck-Over, Tag-Along",4XPH,1
7/1/2025,"Deck-Over, Tag-Along",4XPH,1
8/1/2025,"Deck-Over, Tag-Along",4XPH,2
9/1/2025,"Deck-Over, Tag-Along",4XPH,1
1/1/2023,"Deck-Over, Tag-Along",5XPH,2
3/1/2023,"Deck-Over, Tag-Along",5XPH,1
8/1/2023,"Deck-Over, Tag-Along",5XPH,2
12/1/2023,"Deck-Over, Tag-Along",5XPH,1
2/1/2024,"Deck-Over, Tag-Along",5XPH,1
7/1/2024,"Deck-Over, Tag-Along",5XPH,3
10/1/2024,"Deck-Over, Tag-Along",5XPH,1
12/1/2024,"Deck-Over, Tag-Along",5XPH,1
2/1/2025,"Deck-Over, Tag-Along",5XPH,2
4/1/2025,"Deck-Over, Tag-Along",5XPH,2
7/1/2025,"Deck-Over, Tag-Along",5XPH,1
12/1/2022,Dump,10LX,1
1/1/2023,Dump,10LX,20
2/1/2023,Dump,10LX,8
3/1/2023,Dump,10LX,6
4/1/2023,Dump,10LX,7
5/1/2023,Dump,10LX,3
6/1/2023,Dump,10LX,4
7/1/2023,Dump,10LX,2
8/1/2023,Dump,10LX,2
2/1/2024,Dump,10LX,2
4/1/2024,Dump,10LX,2
5/1/2024,Dump,10LX,1
9/1/2024,Dump,10LX,2
4/1/2025,Dump,10LX,2
5/1/2025,Dump,10LX,3
6/1/2025,Dump,10LX,42
7/1/2025,Dump,10LX,42
8/1/2025,Dump,10LX,21
9/1/2025,Dump,10LX,23
10/1/2022,Dump,10SR,2
11/1/2022,Dump,10SR,2
12/1/2022,Dump,10SR,19
1/1/2023,Dump,10SR,25
2/1/2023,Dump,10SR,33
3/1/2023,Dump,10SR,22
4/1/2023,Dump,10SR,22
5/1/2023,Dump,10SR,17
6/1/2023,Dump,10SR,13
7/1/2023,Dump,10SR,17
8/1/2023,Dump,10SR,8
9/1/2023,Dump,10SR,15
10/1/2023,Dump,10SR,4
11/1/2023,Dump,10SR,15
12/1/2023,Dump,10SR,25
1/1/2024,Dump,10SR,18
2/1/2024,Dump,10SR,19
3/1/2024,Dump,10SR,17
4/1/2024,Dump,10SR,19
5/1/2024,Dump,10SR,15
6/1/2024,Dump,10SR,10
7/1/2024,Dump,10SR,5
8/1/2024,Dump,10SR,1
9/1/2024,Dump,10SR,21
10/1/2024,Dump,10SR,12
11/1/2024,Dump,10SR,3
12/1/2024,Dump,10SR,40
1/1/2025,Dump,10SR,3
2/1/2025,Dump,10SR,1
6/1/2025,Dump,10SR,0
10/1/2022,Dump,12SR,1
11/1/2022,Dump,12SR,9
12/1/2022,Dump,12SR,15
1/1/2023,Dump,12SR,20
2/1/2023,Dump,12SR,12
3/1/2023,Dump,12SR,22
4/1/2023,Dump,12SR,23
5/1/2023,Dump,12SR,4
6/1/2023,Dump,12SR,11
7/1/2023,Dump,12SR,5
8/1/2023,Dump,12SR,1
9/1/2023,Dump,12SR,10
10/1/2023,Dump,12SR,3
11/1/2023,Dump,12SR,12
12/1/2023,Dump,12SR,25
1/1/2024,Dump,12SR,23
2/1/2024,Dump,12SR,15
3/1/2024,Dump,12SR,18
4/1/2024,Dump,12SR,22
5/1/2024,Dump,12SR,18
6/1/2024,Dump,12SR,10
7/1/2024,Dump,12SR,4
8/1/2024,Dump,12SR,4
9/1/2024,Dump,12SR,25
10/1/2024,Dump,12SR,11
11/1/2024,Dump,12SR,3
12/1/2024,Dump,12SR,34
1/1/2025,Dump,12SR,7
2/1/2025,Dump,12SR,15
3/1/2025,Dump,12SR,6
6/1/2025,Dump,12SR,2
7/1/2025,Dump,12SR,9
12/1/2022,Dump,14GT,5
1/1/2023,Dump,14GT,10
2/1/2023,Dump,14GT,10
3/1/2023,Dump,14GT,19
4/1/2023,Dump,14GT,17
5/1/2023,Dump,14GT,17
6/1/2023,Dump,14GT,4
7/1/2023,Dump,14GT,5
9/1/2023,Dump,14GT,4
10/1/2023,Dump,14GT,3
11/1/2023,Dump,14GT,6
12/1/2023,Dump,14GT,2
1/1/2024,Dump,14GT,6
2/1/2024,Dump,14GT,3
3/1/2024,Dump,14GT,5
4/1/2024,Dump,14GT,4
5/1/2024,Dump,14GT,8
6/1/2024,Dump,14GT,9
7/1/2024,Dump,14GT,5
8/1/2024,Dump,14GT,7
9/1/2024,Dump,14GT,28
10/1/2024,Dump,14GT,22
11/1/2024,Dump,14GT,18
12/1/2024,Dump,14GT,7
1/1/2025,Dump,14GT,16
2/1/2025,Dump,14GT,8
3/1/2025,Dump,14GT,18
4/1/2025,Dump,14GT,13
5/1/2025,Dump,14GT,11
6/1/2025,Dump,14GT,15
7/1/2025,Dump,14GT,13
8/1/2025,Dump,14GT,15
9/1/2025,Dump,14GT,5
10/1/2022,Dump,14GX,2
11/1/2022,Dump,14GX,26
12/1/2022,Dump,14GX,29
1/1/2023,Dump,14GX,102
2/1/2023,Dump,14GX,81
3/1/2023,Dump,14GX,87
4/1/2023,Dump,14GX,49
5/1/2023,Dump,14GX,51
6/1/2023,Dump,14GX,53
7/1/2023,Dump,14GX,41
8/1/2023,Dump,14GX,40
9/1/2023,Dump,14GX,44
10/1/2023,Dump,14GX,43
11/1/2023,Dump,14GX,83
12/1/2023,Dump,14GX,40
1/1/2024,Dump,14GX,52
2/1/2024,Dump,14GX,73
3/1/2024,Dump,14GX,69
4/1/2024,Dump,14GX,86
5/1/2024,Dump,14GX,69
6/1/2024,Dump,14GX,53
7/1/2024,Dump,14GX,58
8/1/2024,Dump,14GX,46
9/1/2024,Dump,14GX,91
10/1/2024,Dump,14GX,78
11/1/2024,Dump,14GX,40
12/1/2024,Dump,14GX,32
1/1/2025,Dump,14GX,64
2/1/2025,Dump,14GX,72
3/1/2025,Dump,14GX,81
4/1/2025,Dump,14GX,99
5/1/2025,Dump,14GX,94
6/1/2025,Dump,14GX,78
7/1/2025,Dump,14GX,32
8/1/2025,Dump,14GX,41
9/1/2025,Dump,14GX,14
10/1/2022,Dump,14LD,3
11/1/2022,Dump,14LD,2
12/1/2022,Dump,14LD,11
1/1/2023,Dump,14LD,20
2/1/2023,Dump,14LD,7
3/1/2023,Dump,14LD,46
4/1/2023,Dump,14LD,57
5/1/2023,Dump,14LD,21
6/1/2023,Dump,14LD,7
7/1/2023,Dump,14LD,9
8/1/2023,Dump,14LD,225
9/1/2023,Dump,14LD,47
10/1/2023,Dump,14LD,72
11/1/2023,Dump,14LD,98
12/1/2023,Dump,14LD,158
1/1/2024,Dump,14LD,57
2/1/2024,Dump,14LD,57
5/1/2024,Dump,14LD,1
11/1/2024,Dump,14LD,2
12/1/2024,Dump,14LD,0
2/1/2025,Dump,14LD,1
9/1/2022,Dump,14LP,2
10/1/2022,Dump,14LP,32
11/1/2022,Dump,14LP,175
12/1/2022,Dump,14LP,241
1/1/2023,Dump,14LP,777
2/1/2023,Dump,14LP,755
3/1/2023,Dump,14LP,795
4/1/2023,Dump,14LP,543
5/1/2023,Dump,14LP,606
6/1/2023,Dump,14LP,366
7/1/2023,Dump,14LP,385
8/1/2023,Dump,14LP,560
9/1/2023,Dump,14LP,618
10/1/2023,Dump,14LP,260
11/1/2023,Dump,14LP,568
12/1/2023,Dump,14LP,444
1/1/2024,Dump,14LP,622
2/1/2024,Dump,14LP,667
3/1/2024,Dump,14LP,871
4/1/2024,Dump,14LP,846
5/1/2024,Dump,14LP,607
6/1/2024,Dump,14LP,553
7/1/2024,Dump,14LP,418
8/1/2024,Dump,14LP,318
9/1/2024,Dump,14LP,565
10/1/2024,Dump,14LP,781
11/1/2024,Dump,14LP,432
12/1/2024,Dump,14LP,267
1/1/2025,Dump,14LP,595
2/1/2025,Dump,14LP,396
3/1/2025,Dump,14LP,711
4/1/2025,Dump,14LP,696
5/1/2025,Dump,14LP,570
6/1/2025,Dump,14LP,498
7/1/2025,Dump,14LP,277
8/1/2025,Dump,14LP,99
9/1/2025,Dump,14LP,18
11/1/2025,Dump,14LP,2
8/1/2023,Dump,14LX,1
2/1/2024,Dump,14LX,1
4/1/2024,Dump,14LX,63
5/1/2024,Dump,14LX,210
6/1/2024,Dump,14LX,390
7/1/2024,Dump,14LX,277
8/1/2024,Dump,14LX,263
9/1/2024,Dump,14LX,375
10/1/2024,Dump,14LX,375
11/1/2024,Dump,14LX,262
12/1/2024,Dump,14LX,165
1/1/2025,Dump,14LX,301
2/1/2025,Dump,14LX,268
3/1/2025,Dump,14LX,629
4/1/2025,Dump,14LX,592
5/1/2025,Dump,14LX,454
6/1/2025,Dump,14LX,446
7/1/2025,Dump,14LX,288
8/1/2025,Dump,14LX,98
9/1/2025,Dump,14LX,10
10/1/2022,Dump,14OD,2
12/1/2022,Dump,14OD,4
1/1/2023,Dump,14OD,6
2/1/2023,Dump,14OD,6
3/1/2023,Dump,14OD,9
4/1/2023,Dump,14OD,9
5/1/2023,Dump,14OD,4
6/1/2023,Dump,14OD,6
7/1/2023,Dump,14OD,1
8/1/2023,Dump,14OD,6
9/1/2023,Dump,14OD,4
10/1/2023,Dump,14OD,2
11/1/2023,Dump,14OD,3
12/1/2023,Dump,14OD,2
1/1/2024,Dump,14OD,2
2/1/2024,Dump,14OD,3
4/1/2024,Dump,14OD,10
6/1/2024,Dump,14OD,0
8/1/2024,Dump,14OD,2
9/1/2022,Dump,14RB,2
11/1/2022,Dump,14RB,4
12/1/2022,Dump,14RB,1
1/1/2023,Dump,14RB,14
2/1/2023,Dump,14RB,12
3/1/2023,Dump,14RB,12
4/1/2023,Dump,14RB,7
5/1/2023,Dump,14RB,3
6/1/2023,Dump,14RB,2
7/1/2023,Dump,14RB,1
8/1/2023,Dump,14RB,5
10/1/2023,Dump,14RB,1
11/1/2023,Dump,14RB,1
12/1/2023,Dump,14RB,4
1/1/2024,Dump,14RB,8
2/1/2024,Dump,14RB,3
3/1/2024,Dump,14RB,8
4/1/2024,Dump,14RB,5
6/1/2024,Dump,14RB,8
7/1/2024,Dump,14RB,4
8/1/2024,Dump,14RB,1
9/1/2024,Dump,14RB,12
10/1/2024,Dump,14RB,4
11/1/2024,Dump,14RB,2
12/1/2024,Dump,14RB,4
1/1/2025,Dump,14RB,6
2/1/2025,Dump,14RB,5
3/1/2025,Dump,14RB,19
4/1/2025,Dump,14RB,10
5/1/2025,Dump,14RB,12
6/1/2025,Dump,14RB,4
7/1/2025,Dump,14RB,5
8/1/2025,Dump,14RB,6
9/1/2025,Dump,14RB,1
9/1/2022,Dump,14RD,2
11/1/2022,Dump,14RD,1
12/1/2022,Dump,14RD,1
1/1/2023,Dump,14RD,6
2/1/2023,Dump,14RD,11
3/1/2023,Dump,14RD,8
4/1/2023,Dump,14RD,2
5/1/2023,Dump,14RD,2
6/1/2023,Dump,14RD,1
8/1/2023,Dump,14RD,1
9/1/2023,Dump,14RD,3
10/1/2023,Dump,14RD,1
11/1/2023,Dump,14RD,0
1/1/2024,Dump,14RD,2
3/1/2024,Dump,14RD,7
5/1/2024,Dump,14RD,1
6/1/2024,Dump,14RD,1
7/1/2024,Dump,14RD,1
8/1/2024,Dump,14RD,4
9/1/2024,Dump,14RD,3
10/1/2024,Dump,14RD,2
11/1/2024,Dump,14RD,2
12/1/2024,Dump,14RD,1
1/1/2025,Dump,14RD,6
3/1/2025,Dump,14RD,5
4/1/2025,Dump,14RD,1
5/1/2025,Dump,14RD,5
6/1/2025,Dump,14RD,8
7/1/2025,Dump,14RD,3
8/1/2025,Dump,14RD,1
9/1/2025,Dump,14RD,1
10/1/2022,Dump,14TD,3
11/1/2022,Dump,14TD,9
12/1/2022,Dump,14TD,10
1/1/2023,Dump,14TD,102
2/1/2023,Dump,14TD,42
3/1/2023,Dump,14TD,58
4/1/2023,Dump,14TD,39
5/1/2023,Dump,14TD,54
6/1/2023,Dump,14TD,36
7/1/2023,Dump,14TD,28
8/1/2023,Dump,14TD,24
9/1/2023,Dump,14TD,14
10/1/2023,Dump,14TD,23
11/1/2023,Dump,14TD,23
12/1/2023,Dump,14TD,17
1/1/2024,Dump,14TD,23
2/1/2024,Dump,14TD,51
3/1/2024,Dump,14TD,50
4/1/2024,Dump,14TD,33
5/1/2024,Dump,14TD,29
6/1/2024,Dump,14TD,34
7/1/2024,Dump,14TD,28
8/1/2024,Dump,14TD,19
9/1/2024,Dump,14TD,39
10/1/2024,Dump,14TD,53
11/1/2024,Dump,14TD,35
12/1/2024,Dump,14TD,21
1/1/2025,Dump,14TD,63
2/1/2025,Dump,14TD,44
3/1/2025,Dump,14TD,35
4/1/2025,Dump,14TD,52
5/1/2025,Dump,14TD,22
6/1/2025,Dump,14TD,12
7/1/2025,Dump,14TD,21
8/1/2025,Dump,14TD,28
9/1/2025,Dump,14TD,1
10/1/2025,Dump,14TD,2
2/1/2024,Dump,14XD,77
3/1/2024,Dump,14XD,107
4/1/2024,Dump,14XD,94
5/1/2024,Dump,14XD,70
6/1/2024,Dump,14XD,28
7/1/2024,Dump,14XD,50
8/1/2024,Dump,14XD,41
9/1/2024,Dump,14XD,169
10/1/2024,Dump,14XD,86
11/1/2024,Dump,14XD,58
12/1/2024,Dump,14XD,35
1/1/2025,Dump,14XD,142
2/1/2025,Dump,14XD,101
3/1/2025,Dump,14XD,89
4/1/2025,Dump,14XD,107
5/1/2025,Dump,14XD,127
6/1/2025,Dump,14XD,58
7/1/2025,Dump,14XD,47
8/1/2025,Dump,14XD,31
9/1/2025,Dump,14XD,21
12/1/2022,Dump,16GX,2
1/1/2023,Dump,16GX,8
2/1/2023,Dump,16GX,12
3/1/2023,Dump,16GX,10
4/1/2023,Dump,16GX,9
5/1/2023,Dump,16GX,12
6/1/2023,Dump,16GX,0
7/1/2023,Dump,16GX,5
8/1/2023,Dump,16GX,4
9/1/2023,Dump,16GX,1
10/1/2023,Dump,16GX,-1
11/1/2023,Dump,16GX,1
12/1/2023,Dump,16GX,6
1/1/2024,Dump,16GX,2
2/1/2024,Dump,16GX,6
3/1/2024,Dump,16GX,8
4/1/2024,Dump,16GX,4
5/1/2024,Dump,16GX,12
6/1/2024,Dump,16GX,3
7/1/2024,Dump,16GX,5
8/1/2024,Dump,16GX,7
9/1/2024,Dump,16GX,9
10/1/2024,Dump,16GX,22
11/1/2024,Dump,16GX,10
12/1/2024,Dump,16GX,5
1/1/2025,Dump,16GX,11
2/1/2025,Dump,16GX,9
3/1/2025,Dump,16GX,20
4/1/2025,Dump,16GX,5
5/1/2025,Dump,16GX,6
6/1/2025,Dump,16GX,6
7/1/2025,Dump,16GX,4
8/1/2025,Dump,16GX,3
9/1/2025,Dump,16GX,8
10/1/2022,Dump,16LP,1
11/1/2022,Dump,16LP,6
12/1/2022,Dump,16LP,18
1/1/2023,Dump,16LP,39
2/1/2023,Dump,16LP,26
3/1/2023,Dump,16LP,23
4/1/2023,Dump,16LP,34
5/1/2023,Dump,16LP,19
6/1/2023,Dump,16LP,9
7/1/2023,Dump,16LP,21
8/1/2023,Dump,16LP,13
9/1/2023,Dump,16LP,22
10/1/2023,Dump,16LP,10
11/1/2023,Dump,16LP,11
12/1/2023,Dump,16LP,24
1/1/2024,Dump,16LP,16
2/1/2024,Dump,16LP,30
3/1/2024,Dump,16LP,29
4/1/2024,Dump,16LP,25
5/1/2024,Dump,16LP,22
6/1/2024,Dump,16LP,17
7/1/2024,Dump,16LP,23
8/1/2024,Dump,16LP,34
9/1/2024,Dump,16LP,61
10/1/2024,Dump,16LP,28
11/1/2024,Dump,16LP,17
12/1/2024,Dump,16LP,30
1/1/2025,Dump,16LP,29
2/1/2025,Dump,16LP,30
3/1/2025,Dump,16LP,18
4/1/2025,Dump,16LP,51
5/1/2025,Dump,16LP,46
6/1/2025,Dump,16LP,25
7/1/2025,Dump,16LP,16
8/1/2025,Dump,16LP,18
9/1/2025,Dump,16LP,9
2/1/2023,Dump,16RB,1
3/1/2023,Dump,16RB,1
4/1/2023,Dump,16RB,1
5/1/2023,Dump,16RB,3
7/1/2023,Dump,16RB,1
9/1/2023,Dump,16RB,1
12/1/2023,Dump,16RB,1
7/1/2024,Dump,16RB,2
9/1/2024,Dump,16RB,2
12/1/2024,Dump,16RB,2
2/1/2025,Dump,16RB,1
3/1/2025,Dump,16RB,5
4/1/2025,Dump,16RB,2
7/1/2025,Dump,16RB,1
8/1/2025,Dump,16RB,1
9/1/2022,Dump,16RD,1
11/1/2022,Dump,16RD,3
1/1/2023,Dump,16RD,3
2/1/2023,Dump,16RD,2
3/1/2023,Dump,16RD,7
4/1/2023,Dump,16RD,1
5/1/2023,Dump,16RD,4
6/1/2023,Dump,16RD,2
7/1/2023,Dump,16RD,1
9/1/2023,Dump,16RD,1
10/1/2023,Dump,16RD,1
12/1/2023,Dump,16RD,1
1/1/2024,Dump,16RD,1
3/1/2024,Dump,16RD,3
4/1/2024,Dump,16RD,2
6/1/2024,Dump,16RD,1
7/1/2024,Dump,16RD,1
8/1/2024,Dump,16RD,0
9/1/2024,Dump,16RD,1
10/1/2024,Dump,16RD,2
11/1/2024,Dump,16RD,1
12/1/2024,Dump,16RD,3
1/1/2025,Dump,16RD,2
2/1/2025,Dump,16RD,2
3/1/2025,Dump,16RD,3
4/1/2025,Dump,16RD,2
5/1/2025,Dump,16RD,1
6/1/2025,Dump,16RD,2
4/1/2023,Dump,16TD,1
6/1/2023,Dump,16TD,1
5/1/2024,Dump,16TD,3
8/1/2024,Dump,16TD,1
10/1/2024,Dump,16TD,5
11/1/2024,Dump,16TD,1
12/1/2024,Dump,16TD,4
1/1/2025,Dump,16TD,1
2/1/2025,Dump,16TD,2
3/1/2025,Dump,16TD,2
4/1/2025,Dump,16TD,7
5/1/2025,Dump,16TD,1
7/1/2025,Dump,16TD,2
11/1/2022,Dump,20GX,2
12/1/2022,Dump,20GX,2
1/1/2023,Dump,20GX,6
2/1/2023,Dump,20GX,23
3/1/2023,Dump,20GX,8
4/1/2023,Dump,20GX,9
5/1/2023,Dump,20GX,1
6/1/2023,Dump,20GX,1
7/1/2023,Dump,20GX,6
8/1/2023,Dump,20GX,3
9/1/2023,Dump,20GX,4
11/1/2023,Dump,20GX,4
12/1/2023,Dump,20GX,4
1/1/2024,Dump,20GX,3
2/1/2024,Dump,20GX,14
3/1/2024,Dump,20GX,9
4/1/2024,Dump,20GX,4
5/1/2024,Dump,20GX,4
6/1/2024,Dump,20GX,7
7/1/2024,Dump,20GX,4
8/1/2024,Dump,20GX,5
9/1/2024,Dump,20GX,9
10/1/2024,Dump,20GX,10
11/1/2024,Dump,20GX,14
12/1/2024,Dump,20GX,14
1/1/2025,Dump,20GX,14
2/1/2025,Dump,20GX,13
3/1/2025,Dump,20GX,18
4/1/2025,Dump,20GX,11
5/1/2025,Dump,20GX,8
6/1/2025,Dump,20GX,7
7/1/2025,Dump,20GX,9
8/1/2025,Dump,20GX,10
9/1/2025,Dump,20GX,8
10/1/2025,Dump,20GX,1
10/1/2022,Dump,20LP,3
12/1/2022,Dump,20LP,2
1/1/2023,Dump,20LP,9
2/1/2023,Dump,20LP,9
3/1/2023,Dump,20LP,3
4/1/2023,Dump,20LP,3
5/1/2023,Dump,20LP,5
6/1/2023,Dump,20LP,1
7/1/2023,Dump,20LP,3
8/1/2023,Dump,20LP,3
9/1/2023,Dump,20LP,4
10/1/2023,Dump,20LP,2
11/1/2023,Dump,20LP,4
12/1/2023,Dump,20LP,4
1/1/2024,Dump,20LP,4
2/1/2024,Dump,20LP,6
3/1/2024,Dump,20LP,5
4/1/2024,Dump,20LP,3
5/1/2024,Dump,20LP,6
6/1/2024,Dump,20LP,3
7/1/2024,Dump,20LP,2
8/1/2024,Dump,20LP,7
9/1/2024,Dump,20LP,22
10/1/2024,Dump,20LP,16
11/1/2024,Dump,20LP,9
12/1/2024,Dump,20LP,7
1/1/2025,Dump,20LP,12
2/1/2025,Dump,20LP,11
3/1/2025,Dump,20LP,10
4/1/2025,Dump,20LP,19
5/1/2025,Dump,20LP,10
6/1/2025,Dump,20LP,2
7/1/2025,Dump,20LP,5
8/1/2025,Dump,20LP,6
9/1/2025,Dump,20LP,2
12/1/2022,Dump,25DU,4
1/1/2023,Dump,25DU,10
2/1/2023,Dump,25DU,7
3/1/2023,Dump,25DU,13
4/1/2023,Dump,25DU,41
5/1/2023,Dump,25DU,18
6/1/2023,Dump,25DU,7
7/1/2023,Dump,25DU,10
8/1/2023,Dump,25DU,12
9/1/2023,Dump,25DU,11
10/1/2023,Dump,25DU,5
11/1/2023,Dump,25DU,20
12/1/2023,Dump,25DU,25
1/1/2024,Dump,25DU,12
2/1/2024,Dump,25DU,18
3/1/2024,Dump,25DU,16
4/1/2024,Dump,25DU,17
5/1/2024,Dump,25DU,18
6/1/2024,Dump,25DU,17
7/1/2024,Dump,25DU,8
8/1/2024,Dump,25DU,12
9/1/2024,Dump,25DU,35
10/1/2024,Dump,25DU,128
11/1/2024,Dump,25DU,35
12/1/2024,Dump,25DU,15
1/1/2025,Dump,25DU,14
2/1/2025,Dump,25DU,31
3/1/2025,Dump,25DU,28
4/1/2025,Dump,25DU,19
5/1/2025,Dump,25DU,35
6/1/2025,Dump,25DU,29
7/1/2025,Dump,25DU,8
8/1/2025,Dump,25DU,6
9/1/2025,Dump,25DU,6
10/1/2022,Dump,50SR,1
11/1/2022,Dump,50SR,8
12/1/2022,Dump,50SR,11
1/1/2023,Dump,50SR,12
2/1/2023,Dump,50SR,14
3/1/2023,Dump,50SR,22
4/1/2023,Dump,50SR,10
5/1/2023,Dump,50SR,8
6/1/2023,Dump,50SR,8
7/1/2023,Dump,50SR,4
8/1/2023,Dump,50SR,9
9/1/2023,Dump,50SR,11
10/1/2023,Dump,50SR,2
11/1/2023,Dump,50SR,10
12/1/2023,Dump,50SR,6
1/1/2024,Dump,50SR,18
2/1/2024,Dump,50SR,9
3/1/2024,Dump,50SR,6
4/1/2024,Dump,50SR,2
5/1/2024,Dump,50SR,3
6/1/2024,Dump,50SR,3
7/1/2024,Dump,50SR,1
8/1/2024,Dump,50SR,10
10/1/2024,Dump,50SR,1
11/1/2024,Dump,50SR,2
10/1/2022,Dump,70SR,17
11/1/2022,Dump,70SR,62
12/1/2022,Dump,70SR,88
1/1/2023,Dump,70SR,229
2/1/2023,Dump,70SR,174
3/1/2023,Dump,70SR,168
4/1/2023,Dump,70SR,111
5/1/2023,Dump,70SR,106
6/1/2023,Dump,70SR,74
7/1/2023,Dump,70SR,67
8/1/2023,Dump,70SR,103
9/1/2023,Dump,70SR,105
10/1/2023,Dump,70SR,36
11/1/2023,Dump,70SR,70
12/1/2023,Dump,70SR,43
1/1/2024,Dump,70SR,35
2/1/2024,Dump,70SR,55
3/1/2024,Dump,70SR,102
4/1/2024,Dump,70SR,119
5/1/2024,Dump,70SR,66
6/1/2024,Dump,70SR,106
7/1/2024,Dump,70SR,35
8/1/2024,Dump,70SR,43
9/1/2024,Dump,70SR,115
10/1/2024,Dump,70SR,100
11/1/2024,Dump,70SR,47
12/1/2024,Dump,70SR,27
1/1/2025,Dump,70SR,87
2/1/2025,Dump,70SR,78
3/1/2025,Dump,70SR,115
4/1/2025,Dump,70SR,115
5/1/2025,Dump,70SR,117
6/1/2025,Dump,70SR,83
7/1/2025,Dump,70SR,61
8/1/2025,Dump,70SR,53
9/1/2025,Dump,70SR,4
9/1/2022,Dump,90SR,1
10/1/2022,Dump,90SR,13
11/1/2022,Dump,90SR,43
12/1/2022,Dump,90SR,56
1/1/2023,Dump,90SR,256
2/1/2023,Dump,90SR,182
3/1/2023,Dump,90SR,158
4/1/2023,Dump,90SR,92
5/1/2023,Dump,90SR,84
6/1/2023,Dump,90SR,82
7/1/2023,Dump,90SR,72
8/1/2023,Dump,90SR,92
9/1/2023,Dump,90SR,94
10/1/2023,Dump,90SR,27
11/1/2023,Dump,90SR,73
12/1/2023,Dump,90SR,29
1/1/2024,Dump,90SR,44
2/1/2024,Dump,90SR,54
3/1/2024,Dump,90SR,79
4/1/2024,Dump,90SR,99
5/1/2024,Dump,90SR,90
6/1/2024,Dump,90SR,64
7/1/2024,Dump,90SR,54
8/1/2024,Dump,90SR,53
9/1/2024,Dump,90SR,68
10/1/2024,Dump,90SR,88
11/1/2024,Dump,90SR,43
12/1/2024,Dump,90SR,23
1/1/2025,Dump,90SR,70
2/1/2025,Dump,90SR,70
3/1/2025,Dump,90SR,68
4/1/2025,Dump,90SR,130
5/1/2025,Dump,90SR,52
6/1/2025,Dump,90SR,46
7/1/2025,Dump,90SR,29
8/1/2025,Dump,90SR,43
9/1/2025,Dump,90SR,18
11/1/2025,Dump,90SR,4
9/1/2022,Equipment Hauler,10DF,2
10/1/2022,Equipment Hauler,10DF,2
12/1/2022,Equipment Hauler,10DF,1
1/1/2023,Equipment Hauler,10DF,3
2/1/2023,Equipment Hauler,10DF,3
3/1/2023,Equipment Hauler,10DF,2
4/1/2023,Equipment Hauler,10DF,1
6/1/2023,Equipment Hauler,10DF,1
8/1/2023,Equipment Hauler,10DF,1
9/1/2023,Equipment Hauler,10DF,4
10/1/2023,Equipment Hauler,10DF,5
2/1/2024,Equipment Hauler,10DF,1
4/1/2024,Equipment Hauler,10DF,2
5/1/2024,Equipment Hauler,10DF,1
9/1/2024,Equipment Hauler,10DF,1
11/1/2024,Equipment Hauler,10DF,1
9/1/2022,Equipment Hauler,10ET,1
10/1/2022,Equipment Hauler,10ET,2
11/1/2022,Equipment Hauler,10ET,2
12/1/2022,Equipment Hauler,10ET,3
1/1/2023,Equipment Hauler,10ET,33
2/1/2023,Equipment Hauler,10ET,20
3/1/2023,Equipment Hauler,10ET,25
4/1/2023,Equipment Hauler,10ET,18
5/1/2023,Equipment Hauler,10ET,20
6/1/2023,Equipment Hauler,10ET,9
7/1/2023,Equipment Hauler,10ET,6
8/1/2023,Equipment Hauler,10ET,8
9/1/2023,Equipment Hauler,10ET,8
10/1/2023,Equipment Hauler,10ET,8
11/1/2023,Equipment Hauler,10ET,3
12/1/2023,Equipment Hauler,10ET,5
1/1/2024,Equipment Hauler,10ET,9
2/1/2024,Equipment Hauler,10ET,17
3/1/2024,Equipment Hauler,10ET,19
4/1/2024,Equipment Hauler,10ET,6
6/1/2024,Equipment Hauler,10ET,4
7/1/2024,Equipment Hauler,10ET,0
8/1/2024,Equipment Hauler,10ET,9
9/1/2024,Equipment Hauler,10ET,3
10/1/2024,Equipment Hauler,10ET,5
11/1/2024,Equipment Hauler,10ET,3
12/1/2024,Equipment Hauler,10ET,1
1/1/2025,Equipment Hauler,10ET,4
2/1/2025,Equipment Hauler,10ET,1
3/1/2025,Equipment Hauler,10ET,3
9/1/2022,Equipment Hauler,10OA,1
10/1/2022,Equipment Hauler,10OA,3
11/1/2022,Equipment Hauler,10OA,2
12/1/2022,Equipment Hauler,10OA,5
1/1/2023,Equipment Hauler,10OA,10
2/1/2023,Equipment Hauler,10OA,16
3/1/2023,Equipment Hauler,10OA,6
4/1/2023,Equipment Hauler,10OA,3
5/1/2023,Equipment Hauler,10OA,5
6/1/2023,Equipment Hauler,10OA,8
7/1/2023,Equipment Hauler,10OA,1
8/1/2023,Equipment Hauler,10OA,8
9/1/2023,Equipment Hauler,10OA,4
10/1/2023,Equipment Hauler,10OA,3
11/1/2023,Equipment Hauler,10OA,1
12/1/2023,Equipment Hauler,10OA,3
1/1/2024,Equipment Hauler,10OA,4
2/1/2024,Equipment Hauler,10OA,2
3/1/2024,Equipment Hauler,10OA,1
5/1/2024,Equipment Hauler,10OA,0
8/1/2024,Equipment Hauler,10OA,0
12/1/2024,Equipment Hauler,10OA,2
12/1/2024,Equipment Hauler,12PT,1
12/1/2024,Equipment Hauler,14CC,1
9/1/2022,Equipment Hauler,14DF,2
10/1/2022,Equipment Hauler,14DF,5
11/1/2022,Equipment Hauler,14DF,4
12/1/2022,Equipment Hauler,14DF,5
1/1/2023,Equipment Hauler,14DF,5
2/1/2023,Equipment Hauler,14DF,5
3/1/2023,Equipment Hauler,14DF,8
4/1/2023,Equipment Hauler,14DF,5
5/1/2023,Equipment Hauler,14DF,10
6/1/2023,Equipment Hauler,14DF,3
7/1/2023,Equipment Hauler,14DF,3
8/1/2023,Equipment Hauler,14DF,1
9/1/2023,Equipment Hauler,14DF,2
10/1/2023,Equipment Hauler,14DF,4
11/1/2023,Equipment Hauler,14DF,3
12/1/2023,Equipment Hauler,14DF,8
1/1/2024,Equipment Hauler,14DF,2
2/1/2024,Equipment Hauler,14DF,3
7/1/2024,Equipment Hauler,14DF,1
6/1/2024,Equipment Hauler,14EB,103
7/1/2024,Equipment Hauler,14EB,129
8/1/2024,Equipment Hauler,14EB,100
9/1/2024,Equipment Hauler,14EB,160
10/1/2024,Equipment Hauler,14EB,118
11/1/2024,Equipment Hauler,14EB,44
12/1/2024,Equipment Hauler,14EB,61
1/1/2025,Equipment Hauler,14EB,126
2/1/2025,Equipment Hauler,14EB,96
3/1/2025,Equipment Hauler,14EB,131
4/1/2025,Equipment Hauler,14EB,104
5/1/2025,Equipment Hauler,14EB,134
6/1/2025,Equipment Hauler,14EB,128
7/1/2025,Equipment Hauler,14EB,33
8/1/2025,Equipment Hauler,14EB,34
9/1/2025,Equipment Hauler,14EB,4
9/1/2022,Equipment Hauler,14EE,1
10/1/2022,Equipment Hauler,14EE,5
11/1/2022,Equipment Hauler,14EE,21
12/1/2022,Equipment Hauler,14EE,9
1/1/2023,Equipment Hauler,14EE,79
2/1/2023,Equipment Hauler,14EE,59
3/1/2023,Equipment Hauler,14EE,36
4/1/2023,Equipment Hauler,14EE,25
5/1/2023,Equipment Hauler,14EE,29
6/1/2023,Equipment Hauler,14EE,24
7/1/2023,Equipment Hauler,14EE,12
8/1/2023,Equipment Hauler,14EE,32
9/1/2023,Equipment Hauler,14EE,19
10/1/2023,Equipment Hauler,14EE,28
11/1/2023,Equipment Hauler,14EE,41
12/1/2023,Equipment Hauler,14EE,20
1/1/2024,Equipment Hauler,14EE,32
2/1/2024,Equipment Hauler,14EE,22
3/1/2024,Equipment Hauler,14EE,3
4/1/2024,Equipment Hauler,14EE,2
5/1/2024,Equipment Hauler,14EE,5
12/1/2024,Equipment Hauler,14EE,2
12/1/2023,Equipment Hauler,14EH,1
1/1/2024,Equipment Hauler,14EH,23
2/1/2024,Equipment Hauler,14EH,303
3/1/2024,Equipment Hauler,14EH,73
4/1/2024,Equipment Hauler,14EH,123
5/1/2024,Equipment Hauler,14EH,85
6/1/2024,Equipment Hauler,14EH,126
7/1/2024,Equipment Hauler,14EH,71
8/1/2024,Equipment Hauler,14EH,94
9/1/2024,Equipment Hauler,14EH,137
10/1/2024,Equipment Hauler,14EH,235
11/1/2024,Equipment Hauler,14EH,90
12/1/2024,Equipment Hauler,14EH,110
1/1/2025,Equipment Hauler,14EH,145
2/1/2025,Equipment Hauler,14EH,161
3/1/2025,Equipment Hauler,14EH,171
4/1/2025,Equipment Hauler,14EH,121
5/1/2025,Equipment Hauler,14EH,125
6/1/2025,Equipment Hauler,14EH,135
7/1/2025,Equipment Hauler,14EH,78
8/1/2025,Equipment Hauler,14EH,67
9/1/2025,Equipment Hauler,14EH,31
10/1/2025,Equipment Hauler,14EH,9
11/1/2025,Equipment Hauler,14EH,9
12/1/2025,Equipment Hauler,14EH,10
9/1/2022,Equipment Hauler,14ET,8
10/1/2022,Equipment Hauler,14ET,14
11/1/2022,Equipment Hauler,14ET,96
12/1/2022,Equipment Hauler,14ET,36
1/1/2023,Equipment Hauler,14ET,217
2/1/2023,Equipment Hauler,14ET,223
3/1/2023,Equipment Hauler,14ET,334
4/1/2023,Equipment Hauler,14ET,135
5/1/2023,Equipment Hauler,14ET,132
6/1/2023,Equipment Hauler,14ET,151
7/1/2023,Equipment Hauler,14ET,68
8/1/2023,Equipment Hauler,14ET,88
9/1/2023,Equipment Hauler,14ET,158
10/1/2023,Equipment Hauler,14ET,105
11/1/2023,Equipment Hauler,14ET,162
12/1/2023,Equipment Hauler,14ET,101
1/1/2024,Equipment Hauler,14ET,204
2/1/2024,Equipment Hauler,14ET,141
3/1/2024,Equipment Hauler,14ET,41
4/1/2024,Equipment Hauler,14ET,30
5/1/2024,Equipment Hauler,14ET,31
6/1/2024,Equipment Hauler,14ET,9
7/1/2024,Equipment Hauler,14ET,2
8/1/2024,Equipment Hauler,14ET,9
10/1/2024,Equipment Hauler,14ET,7
11/1/2024,Equipment Hauler,14ET,3
12/1/2024,Equipment Hauler,14ET,12
1/1/2025,Equipment Hauler,14ET,3
2/1/2025,Equipment Hauler,14ET,1
3/1/2025,Equipment Hauler,14ET,4
5/1/2025,Equipment Hauler,14ET,-1
6/1/2025,Equipment Hauler,14ET,1
9/1/2022,Equipment Hauler,14OA,5
10/1/2022,Equipment Hauler,14OA,39
11/1/2022,Equipment Hauler,14OA,58
12/1/2022,Equipment Hauler,14OA,60
1/1/2023,Equipment Hauler,14OA,180
2/1/2023,Equipment Hauler,14OA,129
3/1/2023,Equipment Hauler,14OA,112
4/1/2023,Equipment Hauler,14OA,53
5/1/2023,Equipment Hauler,14OA,62
6/1/2023,Equipment Hauler,14OA,66
7/1/2023,Equipment Hauler,14OA,51
8/1/2023,Equipment Hauler,14OA,95
9/1/2023,Equipment Hauler,14OA,43
10/1/2023,Equipment Hauler,14OA,71
11/1/2023,Equipment Hauler,14OA,85
12/1/2023,Equipment Hauler,14OA,48
1/1/2024,Equipment Hauler,14OA,63
2/1/2024,Equipment Hauler,14OA,104
3/1/2024,Equipment Hauler,14OA,70
4/1/2024,Equipment Hauler,14OA,87
5/1/2024,Equipment Hauler,14OA,48
6/1/2024,Equipment Hauler,14OA,46
7/1/2024,Equipment Hauler,14OA,32
8/1/2024,Equipment Hauler,14OA,55
9/1/2024,Equipment Hauler,14OA,81
10/1/2024,Equipment Hauler,14OA,127
11/1/2024,Equipment Hauler,14OA,41
12/1/2024,Equipment Hauler,14OA,40
1/1/2025,Equipment Hauler,14OA,113
2/1/2025,Equipment Hauler,14OA,74
3/1/2025,Equipment Hauler,14OA,103
4/1/2025,Equipment Hauler,14OA,55
5/1/2025,Equipment Hauler,14OA,65
6/1/2025,Equipment Hauler,14OA,84
7/1/2025,Equipment Hauler,14OA,79
8/1/2025,Equipment Hauler,14OA,28
9/1/2025,Equipment Hauler,14OA,4
10/1/2025,Equipment Hauler,14OA,4
8/1/2024,Equipment Hauler,14OE,15
9/1/2024,Equipment Hauler,14OE,72
10/1/2024,Equipment Hauler,14OE,46
11/1/2024,Equipment Hauler,14OE,18
12/1/2024,Equipment Hauler,14OE,25
1/1/2025,Equipment Hauler,14OE,30
2/1/2025,Equipment Hauler,14OE,44
3/1/2025,Equipment Hauler,14OE,42
4/1/2025,Equipment Hauler,14OE,23
5/1/2025,Equipment Hauler,14OE,29
6/1/2025,Equipment Hauler,14OE,59
7/1/2025,Equipment Hauler,14OE,11
8/1/2025,Equipment Hauler,14OE,12
9/1/2025,Equipment Hauler,14OE,2
10/1/2025,Equipment Hauler,14OE,2
1/1/2024,Equipment Hauler,16EH,6
2/1/2024,Equipment Hauler,16EH,36
3/1/2024,Equipment Hauler,16EH,9
4/1/2024,Equipment Hauler,16EH,13
5/1/2024,Equipment Hauler,16EH,22
6/1/2024,Equipment Hauler,16EH,24
7/1/2024,Equipment Hauler,16EH,19
8/1/2024,Equipment Hauler,16EH,29
9/1/2024,Equipment Hauler,16EH,40
10/1/2024,Equipment Hauler,16EH,48
11/1/2024,Equipment Hauler,16EH,29
12/1/2024,Equipment Hauler,16EH,31
1/1/2025,Equipment Hauler,16EH,50
2/1/2025,Equipment Hauler,16EH,59
3/1/2025,Equipment Hauler,16EH,54
4/1/2025,Equipment Hauler,16EH,32
5/1/2025,Equipment Hauler,16EH,39
6/1/2025,Equipment Hauler,16EH,38
7/1/2025,Equipment Hauler,16EH,36
8/1/2025,Equipment Hauler,16EH,31
9/1/2025,Equipment Hauler,16EH,4
9/1/2022,Equipment Hauler,16ET,1
10/1/2022,Equipment Hauler,16ET,3
11/1/2022,Equipment Hauler,16ET,13
12/1/2022,Equipment Hauler,16ET,6
1/1/2023,Equipment Hauler,16ET,37
2/1/2023,Equipment Hauler,16ET,41
3/1/2023,Equipment Hauler,16ET,42
4/1/2023,Equipment Hauler,16ET,19
5/1/2023,Equipment Hauler,16ET,60
6/1/2023,Equipment Hauler,16ET,14
7/1/2023,Equipment Hauler,16ET,11
8/1/2023,Equipment Hauler,16ET,13
9/1/2023,Equipment Hauler,16ET,33
10/1/2023,Equipment Hauler,16ET,17
11/1/2023,Equipment Hauler,16ET,10
12/1/2023,Equipment Hauler,16ET,14
1/1/2024,Equipment Hauler,16ET,36
2/1/2024,Equipment Hauler,16ET,7
4/1/2024,Equipment Hauler,16ET,5
5/1/2024,Equipment Hauler,16ET,2
8/1/2024,Equipment Hauler,16ET,2
10/1/2024,Equipment Hauler,16ET,1
8/1/2024,Equipment Hauler,16OA,1
9/1/2024,Equipment Hauler,16OA,7
10/1/2024,Equipment Hauler,16OA,18
11/1/2024,Equipment Hauler,16OA,4
12/1/2024,Equipment Hauler,16OA,6
1/1/2025,Equipment Hauler,16OA,17
2/1/2025,Equipment Hauler,16OA,19
3/1/2025,Equipment Hauler,16OA,12
4/1/2025,Equipment Hauler,16OA,8
5/1/2025,Equipment Hauler,16OA,15
6/1/2025,Equipment Hauler,16OA,14
7/1/2025,Equipment Hauler,16OA,9
8/1/2025,Equipment Hauler,16OA,8
9/1/2025,Equipment Hauler,16OA,4
8/1/2025,Equipment Hauler,21EH,1
9/1/2022,Flatbed Gooseneck,14GN,1
10/1/2022,Flatbed Gooseneck,14GN,17
11/1/2022,Flatbed Gooseneck,14GN,29
12/1/2022,Flatbed Gooseneck,14GN,103
1/1/2023,Flatbed Gooseneck,14GN,304
2/1/2023,Flatbed Gooseneck,14GN,194
3/1/2023,Flatbed Gooseneck,14GN,185
4/1/2023,Flatbed Gooseneck,14GN,124
5/1/2023,Flatbed Gooseneck,14GN,120
6/1/2023,Flatbed Gooseneck,14GN,117
7/1/2023,Flatbed Gooseneck,14GN,83
8/1/2023,Flatbed Gooseneck,14GN,127
9/1/2023,Flatbed Gooseneck,14GN,111
10/1/2023,Flatbed Gooseneck,14GN,149
11/1/2023,Flatbed Gooseneck,14GN,121
12/1/2023,Flatbed Gooseneck,14GN,104
1/1/2024,Flatbed Gooseneck,14GN,134
2/1/2024,Flatbed Gooseneck,14GN,161
3/1/2024,Flatbed Gooseneck,14GN,173
4/1/2024,Flatbed Gooseneck,14GN,121
5/1/2024,Flatbed Gooseneck,14GN,113
6/1/2024,Flatbed Gooseneck,14GN,119
7/1/2024,Flatbed Gooseneck,14GN,90
8/1/2024,Flatbed Gooseneck,14GN,65
9/1/2024,Flatbed Gooseneck,14GN,112
10/1/2024,Flatbed Gooseneck,14GN,145
11/1/2024,Flatbed Gooseneck,14GN,106
12/1/2024,Flatbed Gooseneck,14GN,137
1/1/2025,Flatbed Gooseneck,14GN,212
2/1/2025,Flatbed Gooseneck,14GN,176
3/1/2025,Flatbed Gooseneck,14GN,183
4/1/2025,Flatbed Gooseneck,14GN,168
5/1/2025,Flatbed Gooseneck,14GN,168
6/1/2025,Flatbed Gooseneck,14GN,175
7/1/2025,Flatbed Gooseneck,14GN,152
8/1/2025,Flatbed Gooseneck,14GN,18
9/1/2025,Flatbed Gooseneck,14GN,16
10/1/2025,Flatbed Gooseneck,14GN,1
11/1/2025,Flatbed Gooseneck,14GN,3
9/1/2022,Flatbed Gooseneck,16GN,3
10/1/2022,Flatbed Gooseneck,16GN,6
11/1/2022,Flatbed Gooseneck,16GN,16
12/1/2022,Flatbed Gooseneck,16GN,28
1/1/2023,Flatbed Gooseneck,16GN,37
2/1/2023,Flatbed Gooseneck,16GN,61
3/1/2023,Flatbed Gooseneck,16GN,62
4/1/2023,Flatbed Gooseneck,16GN,15
5/1/2023,Flatbed Gooseneck,16GN,49
6/1/2023,Flatbed Gooseneck,16GN,26
7/1/2023,Flatbed Gooseneck,16GN,30
8/1/2023,Flatbed Gooseneck,16GN,33
9/1/2023,Flatbed Gooseneck,16GN,63
10/1/2023,Flatbed Gooseneck,16GN,35
11/1/2023,Flatbed Gooseneck,16GN,16
12/1/2023,Flatbed Gooseneck,16GN,31
1/1/2024,Flatbed Gooseneck,16GN,34
2/1/2024,Flatbed Gooseneck,16GN,75
3/1/2024,Flatbed Gooseneck,16GN,58
4/1/2024,Flatbed Gooseneck,16GN,49
5/1/2024,Flatbed Gooseneck,16GN,45
6/1/2024,Flatbed Gooseneck,16GN,30
7/1/2024,Flatbed Gooseneck,16GN,24
8/1/2024,Flatbed Gooseneck,16GN,32
9/1/2024,Flatbed Gooseneck,16GN,38
10/1/2024,Flatbed Gooseneck,16GN,80
11/1/2024,Flatbed Gooseneck,16GN,40
12/1/2024,Flatbed Gooseneck,16GN,62
1/1/2025,Flatbed Gooseneck,16GN,60
2/1/2025,Flatbed Gooseneck,16GN,82
3/1/2025,Flatbed Gooseneck,16GN,65
4/1/2025,Flatbed Gooseneck,16GN,65
5/1/2025,Flatbed Gooseneck,16GN,85
6/1/2025,Flatbed Gooseneck,16GN,84
7/1/2025,Flatbed Gooseneck,16GN,35
8/1/2025,Flatbed Gooseneck,16GN,23
9/1/2025,Flatbed Gooseneck,16GN,6
10/1/2025,Flatbed Gooseneck,16GN,1
11/1/2025,Flatbed Gooseneck,16GN,1
10/1/2022,Flatbed Gooseneck,20GN,1
1/1/2023,Flatbed Gooseneck,20GN,18
2/1/2023,Flatbed Gooseneck,20GN,11
3/1/2023,Flatbed Gooseneck,20GN,2
10/1/2023,Flatbed Gooseneck,20GN,9
4/1/2024,Flatbed Gooseneck,20GN,1
9/1/2022,Flatbed Gooseneck,22GN,2
10/1/2022,Flatbed Gooseneck,22GN,19
11/1/2022,Flatbed Gooseneck,22GN,71
12/1/2022,Flatbed Gooseneck,22GN,163
1/1/2023,Flatbed Gooseneck,22GN,371
2/1/2023,Flatbed Gooseneck,22GN,303
3/1/2023,Flatbed Gooseneck,22GN,362
4/1/2023,Flatbed Gooseneck,22GN,234
5/1/2023,Flatbed Gooseneck,22GN,190
6/1/2023,Flatbed Gooseneck,22GN,227
7/1/2023,Flatbed Gooseneck,22GN,76
8/1/2023,Flatbed Gooseneck,22GN,130
9/1/2023,Flatbed Gooseneck,22GN,159
10/1/2023,Flatbed Gooseneck,22GN,206
11/1/2023,Flatbed Gooseneck,22GN,183
12/1/2023,Flatbed Gooseneck,22GN,175
1/1/2024,Flatbed Gooseneck,22GN,157
2/1/2024,Flatbed Gooseneck,22GN,174
3/1/2024,Flatbed Gooseneck,22GN,211
4/1/2024,Flatbed Gooseneck,22GN,157
5/1/2024,Flatbed Gooseneck,22GN,144
6/1/2024,Flatbed Gooseneck,22GN,156
7/1/2024,Flatbed Gooseneck,22GN,84
8/1/2024,Flatbed Gooseneck,22GN,109
9/1/2024,Flatbed Gooseneck,22GN,192
10/1/2024,Flatbed Gooseneck,22GN,229
11/1/2024,Flatbed Gooseneck,22GN,119
12/1/2024,Flatbed Gooseneck,22GN,182
1/1/2025,Flatbed Gooseneck,22GN,236
2/1/2025,Flatbed Gooseneck,22GN,228
3/1/2025,Flatbed Gooseneck,22GN,210
4/1/2025,Flatbed Gooseneck,22GN,213
5/1/2025,Flatbed Gooseneck,22GN,222
6/1/2025,Flatbed Gooseneck,22GN,204
7/1/2025,Flatbed Gooseneck,22GN,108
8/1/2025,Flatbed Gooseneck,22GN,26
9/1/2025,Flatbed Gooseneck,22GN,8
10/1/2025,Flatbed Gooseneck,22GN,2
11/1/2025,Flatbed Gooseneck,22GN,2
9/1/2022,Flatbed Gooseneck,25GN,5
10/1/2022,Flatbed Gooseneck,25GN,27
11/1/2022,Flatbed Gooseneck,25GN,35
12/1/2022,Flatbed Gooseneck,25GN,55
1/1/2023,Flatbed Gooseneck,25GN,166
2/1/2023,Flatbed Gooseneck,25GN,140
3/1/2023,Flatbed Gooseneck,25GN,150
4/1/2023,Flatbed Gooseneck,25GN,67
5/1/2023,Flatbed Gooseneck,25GN,56
6/1/2023,Flatbed Gooseneck,25GN,67
7/1/2023,Flatbed Gooseneck,25GN,44
8/1/2023,Flatbed Gooseneck,25GN,47
9/1/2023,Flatbed Gooseneck,25GN,81
10/1/2023,Flatbed Gooseneck,25GN,106
11/1/2023,Flatbed Gooseneck,25GN,87
12/1/2023,Flatbed Gooseneck,25GN,74
1/1/2024,Flatbed Gooseneck,25GN,95
2/1/2024,Flatbed Gooseneck,25GN,77
3/1/2024,Flatbed Gooseneck,25GN,116
4/1/2024,Flatbed Gooseneck,25GN,70
5/1/2024,Flatbed Gooseneck,25GN,71
6/1/2024,Flatbed Gooseneck,25GN,87
7/1/2024,Flatbed Gooseneck,25GN,54
8/1/2024,Flatbed Gooseneck,25GN,58
9/1/2024,Flatbed Gooseneck,25GN,73
10/1/2024,Flatbed Gooseneck,25GN,134
11/1/2024,Flatbed Gooseneck,25GN,67
12/1/2024,Flatbed Gooseneck,25GN,115
1/1/2025,Flatbed Gooseneck,25GN,139
2/1/2025,Flatbed Gooseneck,25GN,119
3/1/2025,Flatbed Gooseneck,25GN,159
4/1/2025,Flatbed Gooseneck,25GN,96
5/1/2025,Flatbed Gooseneck,25GN,105
6/1/2025,Flatbed Gooseneck,25GN,125
7/1/2025,Flatbed Gooseneck,25GN,53
8/1/2025,Flatbed Gooseneck,25GN,33
9/1/2025,Flatbed Gooseneck,25GN,5
10/1/2025,Flatbed Gooseneck,25GN,2
11/1/2025,Flatbed Gooseneck,25GN,1
10/1/2022,Flatbed Gooseneck,3XGN,1
11/1/2022,Flatbed Gooseneck,3XGN,3
1/1/2023,Flatbed Gooseneck,3XGN,4
2/1/2023,Flatbed Gooseneck,3XGN,5
3/1/2023,Flatbed Gooseneck,3XGN,8
4/1/2023,Flatbed Gooseneck,3XGN,5
5/1/2023,Flatbed Gooseneck,3XGN,4
6/1/2023,Flatbed Gooseneck,3XGN,3
8/1/2023,Flatbed Gooseneck,3XGN,1
9/1/2023,Flatbed Gooseneck,3XGN,5
10/1/2023,Flatbed Gooseneck,3XGN,3
11/1/2023,Flatbed Gooseneck,3XGN,4
12/1/2023,Flatbed Gooseneck,3XGN,1
1/1/2024,Flatbed Gooseneck,3XGN,1
4/1/2024,Flatbed Gooseneck,3XGN,2
5/1/2024,Flatbed Gooseneck,3XGN,1
6/1/2024,Flatbed Gooseneck,3XGN,2
7/1/2024,Flatbed Gooseneck,3XGN,2
8/1/2024,Flatbed Gooseneck,3XGN,1
9/1/2024,Flatbed Gooseneck,3XGN,8
11/1/2024,Flatbed Gooseneck,3XGN,2
12/1/2024,Flatbed Gooseneck,3XGN,1
1/1/2025,Flatbed Gooseneck,3XGN,11
2/1/2025,Flatbed Gooseneck,3XGN,6
3/1/2025,Flatbed Gooseneck,3XGN,6
4/1/2025,Flatbed Gooseneck,3XGN,1
5/1/2025,Flatbed Gooseneck,3XGN,1
7/1/2025,Flatbed Gooseneck,3XGN,5
8/1/2025,Flatbed Gooseneck,3XGN,2
9/1/2025,Flatbed Gooseneck,3XGN,2
1/1/2023,Rolloff Bin,13BN,52
2/1/2023,Rolloff Bin,13BN,54
3/1/2023,Rolloff Bin,13BN,45
4/1/2023,Rolloff Bin,13BN,35
5/1/2023,Rolloff Bin,13BN,43
6/1/2023,Rolloff Bin,13BN,38
7/1/2023,Rolloff Bin,13BN,69
8/1/2023,Rolloff Bin,13BN,21
9/1/2023,Rolloff Bin,13BN,6
10/1/2023,Rolloff Bin,13BN,19
11/1/2023,Rolloff Bin,13BN,0
12/1/2023,Rolloff Bin,13BN,16
1/1/2024,Rolloff Bin,13BN,23
2/1/2024,Rolloff Bin,13BN,3
3/1/2024,Rolloff Bin,13BN,36
4/1/2024,Rolloff Bin,13BN,12
5/1/2024,Rolloff Bin,13BN,10
6/1/2024,Rolloff Bin,13BN,17
7/1/2024,Rolloff Bin,13BN,7
8/1/2024,Rolloff Bin,13BN,29
9/1/2024,Rolloff Bin,13BN,33
10/1/2024,Rolloff Bin,13BN,26
11/1/2024,Rolloff Bin,13BN,45
12/1/2024,Rolloff Bin,13BN,25
1/1/2025,Rolloff Bin,13BN,49
2/1/2025,Rolloff Bin,13BN,30
3/1/2025,Rolloff Bin,13BN,86
4/1/2025,Rolloff Bin,13BN,44
5/1/2025,Rolloff Bin,13BN,59
6/1/2025,Rolloff Bin,13BN,58
7/1/2025,Rolloff Bin,13BN,34
8/1/2025,Rolloff Bin,13BN,21
9/1/2025,Rolloff Bin,13BN,3
11/1/2022,Single Axle,30ES,7
12/1/2022,Single Axle,30ES,2
1/1/2023,Single Axle,30ES,22
2/1/2023,Single Axle,30ES,24
3/1/2023,Single Axle,30ES,10
4/1/2023,Single Axle,30ES,14
5/1/2023,Single Axle,30ES,19
6/1/2023,Single Axle,30ES,27
7/1/2023,Single Axle,30ES,21
8/1/2023,Single Axle,30ES,8
9/1/2023,Single Axle,30ES,12
10/1/2023,Single Axle,30ES,14
11/1/2023,Single Axle,30ES,3
12/1/2023,Single Axle,30ES,4
1/1/2024,Single Axle,30ES,1
2/1/2024,Single Axle,30ES,6
10/1/2024,Single Axle,30ES,1
12/1/2024,Single Axle,30ES,3
9/1/2022,Single Axle,30SA,3
10/1/2022,Single Axle,30SA,12
11/1/2022,Single Axle,30SA,28
12/1/2022,Single Axle,30SA,80
1/1/2023,Single Axle,30SA,208
2/1/2023,Single Axle,30SA,180
3/1/2023,Single Axle,30SA,133
4/1/2023,Single Axle,30SA,165
5/1/2023,Single Axle,30SA,158
6/1/2023,Single Axle,30SA,81
7/1/2023,Single Axle,30SA,82
8/1/2023,Single Axle,30SA,87
9/1/2023,Single Axle,30SA,38
10/1/2023,Single Axle,30SA,47
11/1/2023,Single Axle,30SA,53
12/1/2023,Single Axle,30SA,64
1/1/2024,Single Axle,30SA,89
2/1/2024,Single Axle,30SA,78
3/1/2024,Single Axle,30SA,90
4/1/2024,Single Axle,30SA,98
5/1/2024,Single Axle,30SA,83
6/1/2024,Single Axle,30SA,102
7/1/2024,Single Axle,30SA,127
8/1/2024,Single Axle,30SA,72
9/1/2024,Single Axle,30SA,79
10/1/2024,Single Axle,30SA,97
11/1/2024,Single Axle,30SA,81
12/1/2024,Single Axle,30SA,49
1/1/2025,Single Axle,30SA,91
2/1/2025,Single Axle,30SA,132
3/1/2025,Single Axle,30SA,132
4/1/2025,Single Axle,30SA,99
5/1/2025,Single Axle,30SA,88
6/1/2025,Single Axle,30SA,98
7/1/2025,Single Axle,30SA,48
8/1/2025,Single Axle,30SA,22
9/1/2025,Single Axle,30SA,3
10/1/2025,Single Axle,30SA,2
12/1/2022,Single Axle,35ES,1
1/1/2023,Single Axle,35ES,36
2/1/2023,Single Axle,35ES,23
3/1/2023,Single Axle,35ES,36
4/1/2023,Single Axle,35ES,15
5/1/2023,Single Axle,35ES,20
6/1/2023,Single Axle,35ES,27
7/1/2023,Single Axle,35ES,30
8/1/2023,Single Axle,35ES,21
9/1/2023,Single Axle,35ES,20
10/1/2023,Single Axle,35ES,9
11/1/2023,Single Axle,35ES,18
12/1/2023,Single Axle,35ES,4
1/1/2024,Single Axle,35ES,10
2/1/2024,Single Axle,35ES,30
3/1/2024,Single Axle,35ES,15
4/1/2024,Single Axle,35ES,21
5/1/2024,Single Axle,35ES,11
6/1/2024,Single Axle,35ES,16
7/1/2024,Single Axle,35ES,2
8/1/2024,Single Axle,35ES,3
10/1/2024,Single Axle,35ES,4
12/1/2024,Single Axle,35ES,1
1/1/2025,Single Axle,35ES,4
9/1/2022,Single Axle,35SA,7
10/1/2022,Single Axle,35SA,75
11/1/2022,Single Axle,35SA,144
12/1/2022,Single Axle,35SA,284
1/1/2023,Single Axle,35SA,652
2/1/2023,Single Axle,35SA,585
3/1/2023,Single Axle,35SA,618
4/1/2023,Single Axle,35SA,455
5/1/2023,Single Axle,35SA,633
6/1/2023,Single Axle,35SA,319
7/1/2023,Single Axle,35SA,322
8/1/2023,Single Axle,35SA,367
9/1/2023,Single Axle,35SA,222
10/1/2023,Single Axle,35SA,100
11/1/2023,Single Axle,35SA,113
12/1/2023,Single Axle,35SA,257
1/1/2024,Single Axle,35SA,276
2/1/2024,Single Axle,35SA,339
3/1/2024,Single Axle,35SA,339
4/1/2024,Single Axle,35SA,489
5/1/2024,Single Axle,35SA,283
6/1/2024,Single Axle,35SA,411
7/1/2024,Single Axle,35SA,298
8/1/2024,Single Axle,35SA,270
9/1/2024,Single Axle,35SA,393
10/1/2024,Single Axle,35SA,386
11/1/2024,Single Axle,35SA,161
12/1/2024,Single Axle,35SA,173
1/1/2025,Single Axle,35SA,496
2/1/2025,Single Axle,35SA,481
3/1/2025,Single Axle,35SA,308
4/1/2025,Single Axle,35SA,408
5/1/2025,Single Axle,35SA,345
6/1/2025,Single Axle,35SA,349
7/1/2025,Single Axle,35SA,218
8/1/2025,Single Axle,35SA,79
9/1/2025,Single Axle,35SA,14
10/1/2025,Single Axle,35SA,1
12/1/2024,Single Axle,35SX,3
2/1/2025,Single Axle,35SX,22
3/1/2025,Single Axle,35SX,10
4/1/2025,Single Axle,35SX,12
6/1/2025,Single Axle,35SX,1
7/1/2025,Single Axle,35SX,1
8/1/2025,Single Axle,35SX,1
9/1/2025,Single Axle,35SX,5
10/1/2022,Single Axle,35UT,3
11/1/2022,Single Axle,35UT,7
12/1/2022,Single Axle,35UT,8
1/1/2023,Single Axle,35UT,29
2/1/2023,Single Axle,35UT,23
3/1/2023,Single Axle,35UT,23
4/1/2023,Single Axle,35UT,18
5/1/2023,Single Axle,35UT,23
6/1/2023,Single Axle,35UT,5
7/1/2023,Single Axle,35UT,8
8/1/2023,Single Axle,35UT,1
9/1/2023,Single Axle,35UT,11
10/1/2023,Single Axle,35UT,9
11/1/2023,Single Axle,35UT,7
12/1/2023,Single Axle,35UT,12
1/1/2024,Single Axle,35UT,11
2/1/2024,Single Axle,35UT,17
3/1/2024,Single Axle,35UT,4
4/1/2024,Single Axle,35UT,11
5/1/2024,Single Axle,35UT,9
6/1/2024,Single Axle,35UT,1
7/1/2024,Single Axle,35UT,1
8/1/2024,Single Axle,35UT,8
9/1/2024,Single Axle,35UT,25
10/1/2024,Single Axle,35UT,8
11/1/2024,Single Axle,35UT,4
12/1/2024,Single Axle,35UT,13
1/1/2025,Single Axle,35UT,4
2/1/2025,Single Axle,35UT,14
3/1/2025,Single Axle,35UT,10
4/1/2025,Single Axle,35UT,6
5/1/2025,Single Axle,35UT,8
6/1/2025,Single Axle,35UT,9
7/1/2025,Single Axle,35UT,3
8/1/2025,Single Axle,35UT,2
1/1/2023,Single Axle,50SA,12
8/1/2024,Single Axle,50SA,12
1/1/2025,Single Axle,50SA,2
2/1/2025,Single Axle,50SA,4
7/1/2025,Single Axle,50SA,1
10/1/2022,Tandem Axle,10PI,10
11/1/2022,Tandem Axle,10PI,38
12/1/2022,Tandem Axle,10PI,18
1/1/2023,Tandem Axle,10PI,45
2/1/2023,Tandem Axle,10PI,82
3/1/2023,Tandem Axle,10PI,53
4/1/2023,Tandem Axle,10PI,31
5/1/2023,Tandem Axle,10PI,35
6/1/2023,Tandem Axle,10PI,16
7/1/2023,Tandem Axle,10PI,24
8/1/2023,Tandem Axle,10PI,15
9/1/2023,Tandem Axle,10PI,52
10/1/2023,Tandem Axle,10PI,13
11/1/2023,Tandem Axle,10PI,13
12/1/2023,Tandem Axle,10PI,41
1/1/2024,Tandem Axle,10PI,39
2/1/2024,Tandem Axle,10PI,43
3/1/2024,Tandem Axle,10PI,32
4/1/2024,Tandem Axle,10PI,54
5/1/2024,Tandem Axle,10PI,27
6/1/2024,Tandem Axle,10PI,23
7/1/2024,Tandem Axle,10PI,24
8/1/2024,Tandem Axle,10PI,33
9/1/2024,Tandem Axle,10PI,18
10/1/2024,Tandem Axle,10PI,22
11/1/2024,Tandem Axle,10PI,11
12/1/2024,Tandem Axle,10PI,23
1/1/2025,Tandem Axle,10PI,30
2/1/2025,Tandem Axle,10PI,39
3/1/2025,Tandem Axle,10PI,9
4/1/2025,Tandem Axle,10PI,43
5/1/2025,Tandem Axle,10PI,20
6/1/2025,Tandem Axle,10PI,20
7/1/2025,Tandem Axle,10PI,24
8/1/2025,Tandem Axle,10PI,10
9/1/2025,Tandem Axle,10PI,16
10/1/2025,Tandem Axle,10PI,1
1/1/2023,Tandem Axle,14GP,4
2/1/2023,Tandem Axle,14GP,7
3/1/2023,Tandem Axle,14GP,5
4/1/2023,Tandem Axle,14GP,4
6/1/2023,Tandem Axle,14GP,4
7/1/2023,Tandem Axle,14GP,1
8/1/2023,Tandem Axle,14GP,0
9/1/2023,Tandem Axle,14GP,1
12/1/2023,Tandem Axle,14GP,1
2/1/2024,Tandem Axle,14GP,1
9/1/2022,Tandem Axle,14PI,1
10/1/2022,Tandem Axle,14PI,3
11/1/2022,Tandem Axle,14PI,40
12/1/2022,Tandem Axle,14PI,40
1/1/2023,Tandem Axle,14PI,95
2/1/2023,Tandem Axle,14PI,117
3/1/2023,Tandem Axle,14PI,108
4/1/2023,Tandem Axle,14PI,44
5/1/2023,Tandem Axle,14PI,51
6/1/2023,Tandem Axle,14PI,36
7/1/2023,Tandem Axle,14PI,27
8/1/2023,Tandem Axle,14PI,44
9/1/2023,Tandem Axle,14PI,33
10/1/2023,Tandem Axle,14PI,26
11/1/2023,Tandem Axle,14PI,27
12/1/2023,Tandem Axle,14PI,89
1/1/2024,Tandem Axle,14PI,64
2/1/2024,Tandem Axle,14PI,38
3/1/2024,Tandem Axle,14PI,29
4/1/2024,Tandem Axle,14PI,53
5/1/2024,Tandem Axle,14PI,39
6/1/2024,Tandem Axle,14PI,47
7/1/2024,Tandem Axle,14PI,52
8/1/2024,Tandem Axle,14PI,22
9/1/2024,Tandem Axle,14PI,39
10/1/2024,Tandem Axle,14PI,67
11/1/2024,Tandem Axle,14PI,44
12/1/2024,Tandem Axle,14PI,77
1/1/2025,Tandem Axle,14PI,40
2/1/2025,Tandem Axle,14PI,112
3/1/2025,Tandem Axle,14PI,90
4/1/2025,Tandem Axle,14PI,39
5/1/2025,Tandem Axle,14PI,56
6/1/2025,Tandem Axle,14PI,100
7/1/2025,Tandem Axle,14PI,71
8/1/2025,Tandem Axle,14PI,41
9/1/2025,Tandem Axle,14PI,1
11/1/2025,Tandem Axle,14PI,3
5/1/2025,Tandem Axle,16PI,4
6/1/2025,Tandem Axle,16PI,1
11/1/2022,Tandem Axle,45ES,2
12/1/2022,Tandem Axle,45ES,1
2/1/2023,Tandem Axle,45ES,8
3/1/2023,Tandem Axle,45ES,8
5/1/2023,Tandem Axle,45ES,17
6/1/2023,Tandem Axle,45ES,1
7/1/2023,Tandem Axle,45ES,5
8/1/2023,Tandem Axle,45ES,2
9/1/2023,Tandem Axle,45ES,9
10/1/2023,Tandem Axle,45ES,3
11/1/2023,Tandem Axle,45ES,3
12/1/2023,Tandem Axle,45ES,5
6/1/2024,Tandem Axle,45ES,1
9/1/2022,Tandem Axle,60ES,4
10/1/2022,Tandem Axle,60ES,2
11/1/2022,Tandem Axle,60ES,6
12/1/2022,Tandem Axle,60ES,3
1/1/2023,Tandem Axle,60ES,10
2/1/2023,Tandem Axle,60ES,31
3/1/2023,Tandem Axle,60ES,18
4/1/2023,Tandem Axle,60ES,17
5/1/2023,Tandem Axle,60ES,6
6/1/2023,Tandem Axle,60ES,24
7/1/2023,Tandem Axle,60ES,7
8/1/2023,Tandem Axle,60ES,4
9/1/2023,Tandem Axle,60ES,10
10/1/2023,Tandem Axle,60ES,4
11/1/2023,Tandem Axle,60ES,10
12/1/2023,Tandem Axle,60ES,5
1/1/2024,Tandem Axle,60ES,3
2/1/2024,Tandem Axle,60ES,11
3/1/2024,Tandem Axle,60ES,1
4/1/2024,Tandem Axle,60ES,3
5/1/2024,Tandem Axle,60ES,2
7/1/2024,Tandem Axle,60ES,1
8/1/2024,Tandem Axle,60ES,11
10/1/2024,Tandem Axle,60ES,1
11/1/2024,Tandem Axle,60ES,2
12/1/2024,Tandem Axle,60ES,3
1/1/2025,Tandem Axle,60ES,2
9/1/2022,Tandem Axle,60PI,1
10/1/2022,Tandem Axle,60PI,26
11/1/2022,Tandem Axle,60PI,147
12/1/2022,Tandem Axle,60PI,218
1/1/2023,Tandem Axle,60PI,416
2/1/2023,Tandem Axle,60PI,406
3/1/2023,Tandem Axle,60PI,415
4/1/2023,Tandem Axle,60PI,297
5/1/2023,Tandem Axle,60PI,322
6/1/2023,Tandem Axle,60PI,180
7/1/2023,Tandem Axle,60PI,122
8/1/2023,Tandem Axle,60PI,351
9/1/2023,Tandem Axle,60PI,373
10/1/2023,Tandem Axle,60PI,194
11/1/2023,Tandem Axle,60PI,190
12/1/2023,Tandem Axle,60PI,296
1/1/2024,Tandem Axle,60PI,305
2/1/2024,Tandem Axle,60PI,283
3/1/2024,Tandem Axle,60PI,258
4/1/2024,Tandem Axle,60PI,265
5/1/2024,Tandem Axle,60PI,290
6/1/2024,Tandem Axle,60PI,325
7/1/2024,Tandem Axle,60PI,267
8/1/2024,Tandem Axle,60PI,223
9/1/2024,Tandem Axle,60PI,326
10/1/2024,Tandem Axle,60PI,301
11/1/2024,Tandem Axle,60PI,241
12/1/2024,Tandem Axle,60PI,245
1/1/2025,Tandem Axle,60PI,285
2/1/2025,Tandem Axle,60PI,372
3/1/2025,Tandem Axle,60PI,433
4/1/2025,Tandem Axle,60PI,389
5/1/2025,Tandem Axle,60PI,424
6/1/2025,Tandem Axle,60PI,390
7/1/2025,Tandem Axle,60PI,220
8/1/2025,Tandem Axle,60PI,86
9/1/2025,Tandem Axle,60PI,12
10/1/2025,Tandem Axle,60PI,2
10/1/2022,Tandem Axle,70PI,20
11/1/2022,Tandem Axle,70PI,96
12/1/2022,Tandem Axle,70PI,228
1/1/2023,Tandem Axle,70PI,511
2/1/2023,Tandem Axle,70PI,413
3/1/2023,Tandem Axle,70PI,425
4/1/2023,Tandem Axle,70PI,229
5/1/2023,Tandem Axle,70PI,255
6/1/2023,Tandem Axle,70PI,209
7/1/2023,Tandem Axle,70PI,103
8/1/2023,Tandem Axle,70PI,165
9/1/2023,Tandem Axle,70PI,149
10/1/2023,Tandem Axle,70PI,97
11/1/2023,Tandem Axle,70PI,142
12/1/2023,Tandem Axle,70PI,164
1/1/2024,Tandem Axle,70PI,211
2/1/2024,Tandem Axle,70PI,265
3/1/2024,Tandem Axle,70PI,257
4/1/2024,Tandem Axle,70PI,219
5/1/2024,Tandem Axle,70PI,215
6/1/2024,Tandem Axle,70PI,243
7/1/2024,Tandem Axle,70PI,162
8/1/2024,Tandem Axle,70PI,157
9/1/2024,Tandem Axle,70PI,194
10/1/2024,Tandem Axle,70PI,267
11/1/2024,Tandem Axle,70PI,151
12/1/2024,Tandem Axle,70PI,246
1/1/2025,Tandem Axle,70PI,307
2/1/2025,Tandem Axle,70PI,319
3/1/2025,Tandem Axle,70PI,265
4/1/2025,Tandem Axle,70PI,318
5/1/2025,Tandem Axle,70PI,210
6/1/2025,Tandem Axle,70PI,297
7/1/2025,Tandem Axle,70PI,168
8/1/2025,Tandem Axle,70PI,85
9/1/2025,Tandem Axle,70PI,24
10/1/2025,Tandem Axle,70PI,4
12/1/2022,Tandem Axle,70SP,7
4/1/2023,Tandem Axle,70SP,2
9/1/2022,Tilt Deck,14FT,1
10/1/2022,Tilt Deck,14FT,5
11/1/2022,Tilt Deck,14FT,14
12/1/2022,Tilt Deck,14FT,25
1/1/2023,Tilt Deck,14FT,99
2/1/2023,Tilt Deck,14FT,71
3/1/2023,Tilt Deck,14FT,85
4/1/2023,Tilt Deck,14FT,31
5/1/2023,Tilt Deck,14FT,30
6/1/2023,Tilt Deck,14FT,30
7/1/2023,Tilt Deck,14FT,17
8/1/2023,Tilt Deck,14FT,25
9/1/2023,Tilt Deck,14FT,63
10/1/2023,Tilt Deck,14FT,35
11/1/2023,Tilt Deck,14FT,69
12/1/2023,Tilt Deck,14FT,45
1/1/2024,Tilt Deck,14FT,46
2/1/2024,Tilt Deck,14FT,62
3/1/2024,Tilt Deck,14FT,57
4/1/2024,Tilt Deck,14FT,78
5/1/2024,Tilt Deck,14FT,19
6/1/2024,Tilt Deck,14FT,49
7/1/2024,Tilt Deck,14FT,36
8/1/2024,Tilt Deck,14FT,30
9/1/2024,Tilt Deck,14FT,37
10/1/2024,Tilt Deck,14FT,66
11/1/2024,Tilt Deck,14FT,23
12/1/2024,Tilt Deck,14FT,45
1/1/2025,Tilt Deck,14FT,51
2/1/2025,Tilt Deck,14FT,62
3/1/2025,Tilt Deck,14FT,83
4/1/2025,Tilt Deck,14FT,26
5/1/2025,Tilt Deck,14FT,46
6/1/2025,Tilt Deck,14FT,67
7/1/2025,Tilt Deck,14FT,26
8/1/2025,Tilt Deck,14FT,20
9/1/2025,Tilt Deck,14FT,1
11/1/2025,Tilt Deck,14FT,1
10/1/2022,Tilt Deck,14OT,13
11/1/2022,Tilt Deck,14OT,18
12/1/2022,Tilt Deck,14OT,11
1/1/2023,Tilt Deck,14OT,57
2/1/2023,Tilt Deck,14OT,44
3/1/2023,Tilt Deck,14OT,45
4/1/2023,Tilt Deck,14OT,23
5/1/2023,Tilt Deck,14OT,37
6/1/2023,Tilt Deck,14OT,35
7/1/2023,Tilt Deck,14OT,39
8/1/2023,Tilt Deck,14OT,9
9/1/2023,Tilt Deck,14OT,35
10/1/2023,Tilt Deck,14OT,17
11/1/2023,Tilt Deck,14OT,23
12/1/2023,Tilt Deck,14OT,12
1/1/2024,Tilt Deck,14OT,35
2/1/2024,Tilt Deck,14OT,66
3/1/2024,Tilt Deck,14OT,46
4/1/2024,Tilt Deck,14OT,38
5/1/2024,Tilt Deck,14OT,51
6/1/2024,Tilt Deck,14OT,19
7/1/2024,Tilt Deck,14OT,13
8/1/2024,Tilt Deck,14OT,27
9/1/2024,Tilt Deck,14OT,30
10/1/2024,Tilt Deck,14OT,62
11/1/2024,Tilt Deck,14OT,20
12/1/2024,Tilt Deck,14OT,30
1/1/2025,Tilt Deck,14OT,62
2/1/2025,Tilt Deck,14OT,45
3/1/2025,Tilt Deck,14OT,52
4/1/2025,Tilt Deck,14OT,39
5/1/2025,Tilt Deck,14OT,16
6/1/2025,Tilt Deck,14OT,23
7/1/2025,Tilt Deck,14OT,12
8/1/2025,Tilt Deck,14OT,50
9/1/2025,Tilt Deck,14OT,46
10/1/2025,Tilt Deck,14OT,4
11/1/2025,Tilt Deck,14OT,1
9/1/2022,Tilt Deck,14TL,6
10/1/2022,Tilt Deck,14TL,27
11/1/2022,Tilt Deck,14TL,31
12/1/2022,Tilt Deck,14TL,55
1/1/2023,Tilt Deck,14TL,242
2/1/2023,Tilt Deck,14TL,189
3/1/2023,Tilt Deck,14TL,229
4/1/2023,Tilt Deck,14TL,115
5/1/2023,Tilt Deck,14TL,93
6/1/2023,Tilt Deck,14TL,83
7/1/2023,Tilt Deck,14TL,52
8/1/2023,Tilt Deck,14TL,117
9/1/2023,Tilt Deck,14TL,161
10/1/2023,Tilt Deck,14TL,84
11/1/2023,Tilt Deck,14TL,121
12/1/2023,Tilt Deck,14TL,94
1/1/2024,Tilt Deck,14TL,108
2/1/2024,Tilt Deck,14TL,131
3/1/2024,Tilt Deck,14TL,118
4/1/2024,Tilt Deck,14TL,109
5/1/2024,Tilt Deck,14TL,85
6/1/2024,Tilt Deck,14TL,75
7/1/2024,Tilt Deck,14TL,90
8/1/2024,Tilt Deck,14TL,86
9/1/2024,Tilt Deck,14TL,130
10/1/2024,Tilt Deck,14TL,92
11/1/2024,Tilt Deck,14TL,66
12/1/2024,Tilt Deck,14TL,105
1/1/2025,Tilt Deck,14TL,158
2/1/2025,Tilt Deck,14TL,136
3/1/2025,Tilt Deck,14TL,119
4/1/2025,Tilt Deck,14TL,106
5/1/2025,Tilt Deck,14TL,106
6/1/2025,Tilt Deck,14TL,147
7/1/2025,Tilt Deck,14TL,73
8/1/2025,Tilt Deck,14TL,33
9/1/2025,Tilt Deck,14TL,6
1/1/2025,Tilt Deck,16OT,7
2/1/2025,Tilt Deck,16OT,23
3/1/2025,Tilt Deck,16OT,19
4/1/2025,Tilt Deck,16OT,9
5/1/2025,Tilt Deck,16OT,2
6/1/2025,Tilt Deck,16OT,5
7/1/2025,Tilt Deck,16OT,9
8/1/2025,Tilt Deck,16OT,12
9/1/2025,Tilt Deck,16OT,6
11/1/2025,Tilt Deck,16OT,3
10/1/2022,Tilt Deck,16TL,11
11/1/2022,Tilt Deck,16TL,4
12/1/2022,Tilt Deck,16TL,19
1/1/2023,Tilt Deck,16TL,55
2/1/2023,Tilt Deck,16TL,44
3/1/2023,Tilt Deck,16TL,54
4/1/2023,Tilt Deck,16TL,29
5/1/2023,Tilt Deck,16TL,34
6/1/2023,Tilt Deck,16TL,40
7/1/2023,Tilt Deck,16TL,21
8/1/2023,Tilt Deck,16TL,25
9/1/2023,Tilt Deck,16TL,33
10/1/2023,Tilt Deck,16TL,26
11/1/2023,Tilt Deck,16TL,22
12/1/2023,Tilt Deck,16TL,22
1/1/2024,Tilt Deck,16TL,39
2/1/2024,Tilt Deck,16TL,48
3/1/2024,Tilt Deck,16TL,26
4/1/2024,Tilt Deck,16TL,51
5/1/2024,Tilt Deck,16TL,20
6/1/2024,Tilt Deck,16TL,44
7/1/2024,Tilt Deck,16TL,21
8/1/2024,Tilt Deck,16TL,42
9/1/2024,Tilt Deck,16TL,31
10/1/2024,Tilt Deck,16TL,47
11/1/2024,Tilt Deck,16TL,22
12/1/2024,Tilt Deck,16TL,36
1/1/2025,Tilt Deck,16TL,55
2/1/2025,Tilt Deck,16TL,63
3/1/2025,Tilt Deck,16TL,48
4/1/2025,Tilt Deck,16TL,52
5/1/2025,Tilt Deck,16TL,42
6/1/2025,Tilt Deck,16TL,69
7/1/2025,Tilt Deck,16TL,32
8/1/2025,Tilt Deck,16TL,27
9/1/2025,Tilt Deck,16TL,1
11/1/2025,Tilt Deck,16TL,1
10/1/2022,Tilt Deck,70ST,4
11/1/2022,Tilt Deck,70ST,9
12/1/2022,Tilt Deck,70ST,9
1/1/2023,Tilt Deck,70ST,69
2/1/2023,Tilt Deck,70ST,57
3/1/2023,Tilt Deck,70ST,51
4/1/2023,Tilt Deck,70ST,42
5/1/2023,Tilt Deck,70ST,29
6/1/2023,Tilt Deck,70ST,8
7/1/2023,Tilt Deck,70ST,22
8/1/2023,Tilt Deck,70ST,12
9/1/2023,Tilt Deck,70ST,36
10/1/2023,Tilt Deck,70ST,8
11/1/2023,Tilt Deck,70ST,32
12/1/2023,Tilt Deck,70ST,21
1/1/2024,Tilt Deck,70ST,18
2/1/2024,Tilt Deck,70ST,36
3/1/2024,Tilt Deck,70ST,23
4/1/2024,Tilt Deck,70ST,26
5/1/2024,Tilt Deck,70ST,4
6/1/2024,Tilt Deck,70ST,17
7/1/2024,Tilt Deck,70ST,32
8/1/2024,Tilt Deck,70ST,13
9/1/2024,Tilt Deck,70ST,19
10/1/2024,Tilt Deck,70ST,36
11/1/2024,Tilt Deck,70ST,24
12/1/2024,Tilt Deck,70ST,24
1/1/2025,Tilt Deck,70ST,24
2/1/2025,Tilt Deck,70ST,29
3/1/2025,Tilt Deck,70ST,25
4/1/2025,Tilt Deck,70ST,43
5/1/2025,Tilt Deck,70ST,10
6/1/2025,Tilt Deck,70ST,26
7/1/2025,Tilt Deck,70ST,9
8/1/2025,Tilt Deck,70ST,24
9/1/2025,Tilt Deck,70ST,1
11/1/2025,Tilt Deck,70ST,1
11/1/2022,Vanguard/Landscape,10LR,1
1/1/2023,Vanguard/Landscape,10LR,3
2/1/2023,Vanguard/Landscape,10LR,2
3/1/2023,Vanguard/Landscape,10LR,2
4/1/2023,Vanguard/Landscape,10LR,5
7/1/2023,Vanguard/Landscape,10LR,1
9/1/2023,Vanguard/Landscape,10LR,10
11/1/2023,Vanguard/Landscape,10LR,1
1/1/2024,Vanguard/Landscape,10LR,3
2/1/2024,Vanguard/Landscape,10LR,6
10/1/2024,Vanguard/Landscape,10LR,2
1/1/2025,Vanguard/Landscape,10LR,1
4/1/2025,Vanguard/Landscape,10LR,1
5/1/2025,Vanguard/Landscape,10LR,1
10/1/2022,Vanguard/Landscape,10TV,2
11/1/2022,Vanguard/Landscape,10TV,2
12/1/2022,Vanguard/Landscape,10TV,1
1/1/2023,Vanguard/Landscape,10TV,7
2/1/2023,Vanguard/Landscape,10TV,4
3/1/2023,Vanguard/Landscape,10TV,10
4/1/2023,Vanguard/Landscape,10TV,2
5/1/2023,Vanguard/Landscape,10TV,4
6/1/2023,Vanguard/Landscape,10TV,3
8/1/2023,Vanguard/Landscape,10TV,9
9/1/2023,Vanguard/Landscape,10TV,4
10/1/2023,Vanguard/Landscape,10TV,1
11/1/2023,Vanguard/Landscape,10TV,2
12/1/2023,Vanguard/Landscape,10TV,3
1/1/2024,Vanguard/Landscape,10TV,5
2/1/2024,Vanguard/Landscape,10TV,12
3/1/2024,Vanguard/Landscape,10TV,5
4/1/2024,Vanguard/Landscape,10TV,6
5/1/2024,Vanguard/Landscape,10TV,8
6/1/2024,Vanguard/Landscape,10TV,4
7/1/2024,Vanguard/Landscape,10TV,2
8/1/2024,Vanguard/Landscape,10TV,2
9/1/2024,Vanguard/Landscape,10TV,3
10/1/2024,Vanguard/Landscape,10TV,2
12/1/2024,Vanguard/Landscape,10TV,6
1/1/2025,Vanguard/Landscape,10TV,5
2/1/2025,Vanguard/Landscape,10TV,7
3/1/2025,Vanguard/Landscape,10TV,4
4/1/2025,Vanguard/Landscape,10TV,1
5/1/2025,Vanguard/Landscape,10TV,8
8/1/2025,Vanguard/Landscape,10TV,1
9/1/2025,Vanguard/Landscape,10TV,1
10/1/2022,Vanguard/Landscape,30SV,5
11/1/2022,Vanguard/Landscape,30SV,15
12/1/2022,Vanguard/Landscape,30SV,19
1/1/2023,Vanguard/Landscape,30SV,47
2/1/2023,Vanguard/Landscape,30SV,52
3/1/2023,Vanguard/Landscape,30SV,39
4/1/2023,Vanguard/Landscape,30SV,45
5/1/2023,Vanguard/Landscape,30SV,17
6/1/2023,Vanguard/Landscape,30SV,39
7/1/2023,Vanguard/Landscape,30SV,31
8/1/2023,Vanguard/Landscape,30SV,14
9/1/2023,Vanguard/Landscape,30SV,19
10/1/2023,Vanguard/Landscape,30SV,15
11/1/2023,Vanguard/Landscape,30SV,21
12/1/2023,Vanguard/Landscape,30SV,30
1/1/2024,Vanguard/Landscape,30SV,41
2/1/2024,Vanguard/Landscape,30SV,73
3/1/2024,Vanguard/Landscape,30SV,52
4/1/2024,Vanguard/Landscape,30SV,45
5/1/2024,Vanguard/Landscape,30SV,19
6/1/2024,Vanguard/Landscape,30SV,33
7/1/2024,Vanguard/Landscape,30SV,36
8/1/2024,Vanguard/Landscape,30SV,16
9/1/2024,Vanguard/Landscape,30SV,16
10/1/2024,Vanguard/Landscape,30SV,36
11/1/2024,Vanguard/Landscape,30SV,18
12/1/2024,Vanguard/Landscape,30SV,22
1/1/2025,Vanguard/Landscape,30SV,37
2/1/2025,Vanguard/Landscape,30SV,44
3/1/2025,Vanguard/Landscape,30SV,43
4/1/2025,Vanguard/Landscape,30SV,15
5/1/2025,Vanguard/Landscape,30SV,27
6/1/2025,Vanguard/Landscape,30SV,51
7/1/2025,Vanguard/Landscape,30SV,17
8/1/2025,Vanguard/Landscape,30SV,17
11/1/2025,Vanguard/Landscape,30SV,1
11/1/2022,Vanguard/Landscape,35LS,1
12/1/2022,Vanguard/Landscape,35LS,2
1/1/2023,Vanguard/Landscape,35LS,6
2/1/2023,Vanguard/Landscape,35LS,2
3/1/2023,Vanguard/Landscape,35LS,1
4/1/2023,Vanguard/Landscape,35LS,3
5/1/2023,Vanguard/Landscape,35LS,2
6/1/2023,Vanguard/Landscape,35LS,2
7/1/2023,Vanguard/Landscape,35LS,1
8/1/2023,Vanguard/Landscape,35LS,1
9/1/2023,Vanguard/Landscape,35LS,1
11/1/2023,Vanguard/Landscape,35LS,1
2/1/2024,Vanguard/Landscape,35LS,13
5/1/2024,Vanguard/Landscape,35LS,1
9/1/2022,Vanguard/Landscape,35SV,1
10/1/2022,Vanguard/Landscape,35SV,10
11/1/2022,Vanguard/Landscape,35SV,17
12/1/2022,Vanguard/Landscape,35SV,18
1/1/2023,Vanguard/Landscape,35SV,83
2/1/2023,Vanguard/Landscape,35SV,73
3/1/2023,Vanguard/Landscape,35SV,58
4/1/2023,Vanguard/Landscape,35SV,46
5/1/2023,Vanguard/Landscape,35SV,49
6/1/2023,Vanguard/Landscape,35SV,34
7/1/2023,Vanguard/Landscape,35SV,40
8/1/2023,Vanguard/Landscape,35SV,24
9/1/2023,Vanguard/Landscape,35SV,25
10/1/2023,Vanguard/Landscape,35SV,33
11/1/2023,Vanguard/Landscape,35SV,20
12/1/2023,Vanguard/Landscape,35SV,45
1/1/2024,Vanguard/Landscape,35SV,47
2/1/2024,Vanguard/Landscape,35SV,47
3/1/2024,Vanguard/Landscape,35SV,75
4/1/2024,Vanguard/Landscape,35SV,59
5/1/2024,Vanguard/Landscape,35SV,59
6/1/2024,Vanguard/Landscape,35SV,45
7/1/2024,Vanguard/Landscape,35SV,36
8/1/2024,Vanguard/Landscape,35SV,27
9/1/2024,Vanguard/Landscape,35SV,32
10/1/2024,Vanguard/Landscape,35SV,28
11/1/2024,Vanguard/Landscape,35SV,22
12/1/2024,Vanguard/Landscape,35SV,48
1/1/2025,Vanguard/Landscape,35SV,46
2/1/2025,Vanguard/Landscape,35SV,60
3/1/2025,Vanguard/Landscape,35SV,60
4/1/2025,Vanguard/Landscape,35SV,36
5/1/2025,Vanguard/Landscape,35SV,40
6/1/2025,Vanguard/Landscape,35SV,64
7/1/2025,Vanguard/Landscape,35SV,29
8/1/2025,Vanguard/Landscape,35SV,25
9/1/2025,Vanguard/Landscape,35SV,8
10/1/2022,Vanguard/Landscape,70LR,3
11/1/2022,Vanguard/Landscape,70LR,1
1/1/2023,Vanguard/Landscape,70LR,7
2/1/2023,Vanguard/Landscape,70LR,10
3/1/2023,Vanguard/Landscape,70LR,9
4/1/2023,Vanguard/Landscape,70LR,18
5/1/2023,Vanguard/Landscape,70LR,4
6/1/2023,Vanguard/Landscape,70LR,3
7/1/2023,Vanguard/Landscape,70LR,1
8/1/2023,Vanguard/Landscape,70LR,5
9/1/2023,Vanguard/Landscape,70LR,4
10/1/2023,Vanguard/Landscape,70LR,5
11/1/2023,Vanguard/Landscape,70LR,2
12/1/2023,Vanguard/Landscape,70LR,1
1/1/2024,Vanguard/Landscape,70LR,7
2/1/2024,Vanguard/Landscape,70LR,7
4/1/2024,Vanguard/Landscape,70LR,1
10/1/2024,Vanguard/Landscape,70LR,3
11/1/2024,Vanguard/Landscape,70LR,1
1/1/2025,Vanguard/Landscape,70LR,1
5/1/2025,Vanguard/Landscape,70LR,2
7/1/2025,Vanguard/Landscape,70LR,1
9/1/2022,Vanguard/Landscape,70TV,1
10/1/2022,Vanguard/Landscape,70TV,1
11/1/2022,Vanguard/Landscape,70TV,7
12/1/2022,Vanguard/Landscape,70TV,9
1/1/2023,Vanguard/Landscape,70TV,64
2/1/2023,Vanguard/Landscape,70TV,53
3/1/2023,Vanguard/Landscape,70TV,45
4/1/2023,Vanguard/Landscape,70TV,32
5/1/2023,Vanguard/Landscape,70TV,39
6/1/2023,Vanguard/Landscape,70TV,36
7/1/2023,Vanguard/Landscape,70TV,22
8/1/2023,Vanguard/Landscape,70TV,18
9/1/2023,Vanguard/Landscape,70TV,31
10/1/2023,Vanguard/Landscape,70TV,11
11/1/2023,Vanguard/Landscape,70TV,15
12/1/2023,Vanguard/Landscape,70TV,33
1/1/2024,Vanguard/Landscape,70TV,47
2/1/2024,Vanguard/Landscape,70TV,80
3/1/2024,Vanguard/Landscape,70TV,52
4/1/2024,Vanguard/Landscape,70TV,59
5/1/2024,Vanguard/Landscape,70TV,30
6/1/2024,Vanguard/Landscape,70TV,30
7/1/2024,Vanguard/Landscape,70TV,28
8/1/2024,Vanguard/Landscape,70TV,32
9/1/2024,Vanguard/Landscape,70TV,31
10/1/2024,Vanguard/Landscape,70TV,28
11/1/2024,Vanguard/Landscape,70TV,27
12/1/2024,Vanguard/Landscape,70TV,34
1/1/2025,Vanguard/Landscape,70TV,53
2/1/2025,Vanguard/Landscape,70TV,45
3/1/2025,Vanguard/Landscape,70TV,48
4/1/2025,Vanguard/Landscape,70TV,50
5/1/2025,Vanguard/Landscape,70TV,44
6/1/2025,Vanguard/Landscape,70TV,29
7/1/2025,Vanguard/Landscape,70TV,25
8/1/2025,Vanguard/Landscape,70TV,42
9/1/2025,Vanguard/Landscape,70TV,10
11/1/2025,Vanguard/Landscape,70TV,1
